bronze_table,object_key,member_sha256,snapshot_id,label_source,family,role,rule_fiscal_year,data_fiscal_year,identity_year,rule_stage
cms_ipps_sas,e8a1ccfd8102e3bb1da51e7d9322de65,4ed5bc982e838bdffbf997440dff53c109af27709a308877b618e474132c020b,main-cmi-ipps__20260924T173715Z__98b38da56a8247fabcfa557bc2e247ed,names,prds_hosp10_yr2019,data,2022,,2022,proposed
cms_ipps_sheet_rows,03f4b31fd7f258111b5c8e1bbba39e98,8a440c59904ca760d7a291d2f128d22a0d982265a7a496477c231f261e52110b,CMS_IPPS__20260924T174923Z__89c59f8611b34b3eb574796735dccf2f,names,impact,data,2010,,2010,correction+notice
cms_ipps_sheet_rows,04b15473194752112443826963978e91,cf69c3f4918d5ec738d6b86df618bd2da9b7e0046e9a780823b55a0499238b40,CMS_IPPS__20260924T181255Z__5b030c58ffc949249ac9b02e0e3c5d6a,names,impact_fr05,data,2005,,2005,final
cms_ipps_sheet_rows,077c3110dc750844bf4da02ae590e2cc,2effb32d4dd6299269fdd7d6e562c493ec4e8126a61bac24b3a561297fdbc82e,CMS_IPPS__20260924T174957Z__49955ae9479247fe9c93474580e8fd09,names,impact06_ext,data,2006,,2006,final
cms_ipps_sheet_rows,08be03e8bee52ea05c696c2ceba03210,0f7241d65ffee00d5f97b2303ed44ee4954eee584878acad6639eec3517a2a02,main-cmi-ipps__20260924T171042Z__e81eb7b87bab4755a8d043bfded5f567,names,alt_considered_cost_ctr_ccrs_other_factors,data,2022,,2022,proposed
cms_ipps_sheet_rows,0c7455733cb47c7409bb649f8432aa04,882e6abab13459a22e82156f33dddad39562301bbe34349f1777673e484fcbe5,main-cmi-ipps__20260924T175632Z__a12ac0b2528f464a969acd1fc1448cbf,names,cmis_billed_drgs,data,2019,2017,2017,final
cms_ipps_sheet_rows,10f51a7c6b7565d6a95b17959ea1158d,293acc097b04703aba64917fac8b731e983b1687589662a7b7a2c0c460c16ba7,CMS_IPPS__20260924T171105Z__08f3690d94fe4ba8b7b7678683979e94,names,impact,data,2026,,2026,final
cms_ipps_sheet_rows,1de6fcf96ae7714d937b41ea71843dce,8159f36fa202abc8328916da414b1247d37d624700c85e2187ad5743306dbb3d,main-cmi-ipps__20260924T173418Z__ec4934faad3345dd803e945fc53be4b5,names,cmis_billed_drgs,data,2023,2020,2020,proposed
cms_ipps_sheet_rows,1ef91d18756cd7c2b2de48ad9c52252f,23b36edcc4e90ebf49ee02742412912e3361a9646eaf5bd04cd3b556ecab0921,CMS_IPPS__20260924T175621Z__ea836c20053444598927e787b0c7ea37,names,impact,data,2019,,2019,correction+final
cms_ipps_sheet_rows,1faa55d1a24fa01a0b589619ae6951d7,09a5c1443d5a59c2ae23ea24aa962ba7049a499c7687491a9207bd574b5f3849,main-cmi-ipps__20260924T173714Z__be5fd2fe029f4a14bf674d7cde3c680c,override,alternative_considered_ms_drg_relative_weights_los,data,2022,,2022,proposed
cms_ipps_sheet_rows,21c7005fc51668dcedec539d2de60357,026ed101a869c3790be863b32109da84e7d0fb8fdfebc017b9959950ea375a9c,main-cmi-ipps__20260924T173305Z__6a7b9671c014482fa07b40019a66c27a,names,cmis_billed_drgs,data,2024,2022,2022,proposed
cms_ipps_sheet_rows,265f2574c68de147026bb177af2ad7b3,b466ebe40d202e415b692c85666a1b9ac6606a9e27d53b3c557e0f4a69d0e138,main-cmi-ipps__20260924T171056Z__fe7f687fbf644b9e962afd84f4d7c1e5,names,cmis_billed_drgs,data,2026,2024,2024,final
cms_ipps_sheet_rows,282c60d7adb87bf196697a78b3e14711,c395930c2caaa255bafa72533791c887a18c6f0dcc628f5851cc9c6210a9d8a2,CMS_IPPS__20260924T181255Z__2f60ebf23c40416884f165cba0bff10f,names,nprm05pufimpsupp,data,2005,,2005,proposed+notice
cms_ipps_sheet_rows,2dc9c59eb18e18ea369fda1c62df16d2,7db0538f6b1fe9d9f2f9959d64377629af3c190c3c8eb071810600b00449a6de,main-cmi-ipps__20260924T173648Z__3a3a7bed519742f7870a878777e5974e,names,impact_alternative_considered,data,2022,,2022,proposed
cms_ipps_sheet_rows,2dedb5bec6ad646c5035e6c9cabe4170,f0edd986200c36d33bc14e1dc4296902b62f88c163a58e56dbf7c9c4e3ec450d,main-cmi-ipps__20260924T173737Z__a8f80882d6f44fd28744de1ad222d569,names,alternative_considered_wage_indexes,data,2022,,2022,proposed
cms_ipps_sheet_rows,34992e55de8fb5645eb96871cdfce8f7,cc679e82513a61e2adab1fc47445a422d5d68c209667c26e9d87f8826173fb7f,main-cmi-ipps__20260924T173807Z__a493efb30a4b44a7afca33560cebc619,names,cmis_billed_drgs,data,2021,2019,2019,final
cms_ipps_sheet_rows,34d7cb8954fd4e3e885dfe9e4cbb172f,26916d1bf4e4710a8a8ecd38920133c254bf8f9d0c31dffb905a6d864474e004,main-cmi-ipps__20260924T175028Z__5e4945e0dfc1447ead5b5d9bc7d0cacf,names,s3andoccmixpuf,data,2026,,2026,unspecified
cms_ipps_sheet_rows,355133a05ed51ba4a708ce42e4bb1ff0,ee77646850a0d47b805bfde7f30d60c4b21cb222d4faab691ed150b8f557fae1,main-cmi-ipps__20260924T174909Z__936b4d2d9813416399b4261672342394,names,provider_cmi,data,2011,,2011,final
cms_ipps_sheet_rows,364ba2d657611a003679dbda3cc350ac,272d0899632a15e4b67ad16220a82177c28a8ac6f874bd9dee4c0a0e80fbb4fe,CMS_IPPS__20260924T175813Z__f9beb5a14fa64a41b937b18721ca8962,names,impact,data,2018,,2018,correction+final
cms_ipps_sheet_rows,3d440d4ed6b6183fe25d9b6112533ee1,298e9201a7fd68f71e189835e2c2d6b68e9f79e35cbc25316ea9c858305e8ef8,main-cmi-ipps__20260924T173909Z__a4db83ba3bf44fd8870a78cfbf858970,names,cmis_billed_drgs,data,2020,2018,2018,final
cms_ipps_sheet_rows,3e72952a444bd9a31601db3f80443d05,0036d8c78fbece3d0258c4935fe825b9e40dec20b2f7ed7d089779877fc33bc1,main-cmi-ipps__20260924T173209Z__228dddb8a0454598bf4dea138b10e9d4,names,cmis_billed_drgs,data,2025,2023,2023,correction
cms_ipps_sheet_rows,3f1d8a093283c3365a7049835364ccf5,db6709864f639b0277ec233e8744409ce095b603c94017380fb73b681d12db89,CMS_IPPS__20260924T181305Z__14eb80bb3fa44c5d8156c534a61febec,names,pubuse_fr03,data,2003,,2003,final
cms_ipps_sheet_rows,418870c9a90d306744e1c14bb7b0b4fc,39eb83110082b429ad5d52a245a3ced5f68cc8b7f0182e2b53c1ff3fd1f614d6,CMS_IPPS__20260924T173552Z__85e51b22b2264b958002f51b413fab63,names,impact,data,2022,,2022,correction+final
cms_ipps_sheet_rows,42c5d309510fa3172df056e9f4a19ac8,1bf1ef3918c08338198006c0b7fbfb55d6071d4520768d71afa5b442a6986908,CMS_IPPS__20260924T181305Z__818a99dc8e224c5b8e68f2b2c88741ab,names,impact04,data,2004,,2004,unspecified
cms_ipps_sheet_rows,498bf8aab8bc213d731dcfe00a5e02ac,37b7742b11ba993b9fa66b14aaa992dd8da6382f96e5b963ae3a5b81a992616d,main-cmi-ipps__20260924T173505Z__c85dd32250cf4fcc8acf5f65bf768534,names,impact_alternative_considered,data,2023,,2023,proposed
cms_ipps_sheet_rows,52032da42e4f302714002b7ebdb313f3,2c1f224091c596c19e3f18fbc6da56d5dc618f5502caf4a6226a531fc10a1ec6,CMS_IPPS__20260924T175740Z__d84162b1a51e41b788764befff07f1af,names,impact,data,2018,,2018,proposed
cms_ipps_sheet_rows,55c5eae3719f00a1fb8fa05979859824,69cd88bbf1c4ec04ddbd49ada6fe15948f0b0afe84e93a0b701b222b6a7b7302,main-cmi-ipps__20260924T174925Z__63927ee95eb54b598c75d675dee11a56,names,provider_cmi,data,2010,,2010,final
cms_ipps_sheet_rows,576f91f6e569708a66136344db2b5cdd,3f68ec83a7ffbde6152d2c17530752f5cdafb8b1cc7efcfe6adebe41ae99983b,main-cmi-ipps__20260924T171042Z__e81eb7b87bab4755a8d043bfded5f567,names,alternative_considered_aor_bor,data,2022,,2022,proposed
cms_ipps_sheet_rows,580aa3cc7116f885fb4e868bd095df15,7e91150631f83776e4142eb115ad1086cc3d1af8402b931606d1dd804dfb85ad,CMS_IPPS__20260924T174629Z__b80d84edfef6401cb402a6db9afd8cdf,names,impact,data,2015,,2015,correction+final
cms_ipps_sheet_rows,5bd5c1ecfb393e810d673f8b5b054a01,8e7a12830fe511c98c0e74a14636ec491ed3cedbdf72f03be8bbad604479570e,CMS_IPPS__20260924T175458Z__309976db51d74643aa54ed4a16372c41,names,impact,data,2020,,2020,proposed
cms_ipps_sheet_rows,5d9c3fc17b8a4a34739aaabe94d41ca6,ae902ff21818da9acce6a1a8abdc9e80ab4329ad0157fb9e9be06ccb7e456425,CMS_IPPS__20260924T173208Z__971b984fa9c1450e87653c95cc8ddadd,names,impact,data,2025,,2025,correction+interim+final
cms_ipps_sheet_rows,5de0927cf8c1fccaea38558815d970b2,78845b39c45804068c46b8f6b4211d30bf50b7dd39a3bf6b3d7801ba482a7640,CMS_IPPS__20260924T174808Z__7fa661f2e1b940bcacef95a7808affe4,names,impact,data,2013,,2013,correction+final
cms_ipps_sheet_rows,60266f32754d1d0111f5c45a18f27b98,97e9e40babd467fc014378193d071dba7ad845c4c799a78d5e9b95ccb85ddbc1,CMS_IPPS__20260924T175553Z__9f8e7425a8374ba4a09fd4ffa92a4632,names,measure_impact_use_supplementary,data,2020,,2020,proposed+notice
cms_ipps_sheet_rows,604b8946afa4f34a0975e28064defd03,c03b6137eb0d100903fb2f1294457761e39aa5adc0491f04aedb2a012c993e2d,main-cmi-ipps__20260924T173750Z__878054b220414e93a10b67f3d6752077,names,alternative_considered_rrc_cmi_discharges,data,2022,,2022,proposed
cms_ipps_sheet_rows,60a7a9b349e90058060c45e116aaeec5,f88b11e5067e3d9cf8dc7d1d06d6a02226c55190993aa03f58bbec0f07e045da,main-cmi-ipps__20260924T175002Z__1b0acdec02c94c0193d8d8e51a5fa036,names,fn06_cmis,data,2006,,2006,final
cms_ipps_sheet_rows,60ce14722ff5c16f5f6b9849dc0e5fba,ac5ffd206e61156f1e20ce67751445113b8b94dd351885faa4dc43b0cb207dab,CMS_IPPS__20260924T171137Z__cac52ae4d5604c2ab9994861c9936624,names,impact,data,2020,,2020,correction+final
cms_ipps_sheet_rows,60f5c2354bab3e50b30f5638cc15a3a7,1f04abd4e179450a161636d30977c7730cad81a9991d7cb558a263ad3bd825ea,CMS_IPPS__20260924T175839Z__8c837e84167c41fab7266c9909fd2d29,names,impact,data,2017,,2017,proposed
cms_ipps_sheet_rows,616fb25316a72908251e9cedf7fbb329,b495ee55e873aedd744900b5b9d35145692401e489c9f23b59da6b092f25d55c,main-cmi-ipps__20260924T175023Z__a0fd3f0400a142f8880c8343a5d21d14,names,cmi02,data,2002,,2002,unspecified
cms_ipps_sheet_rows,6545953602a002f9266cc4bf4033fdeb,6907b7e7517559f5fd0bab875f1b7aaab69a2448053720d6452b6c06ad67bc02,CMS_IPPS__20260924T175706Z__57e51b4e110e4c55bfff1f659dfd2c73,names,impact,data,2019,,2019,proposed
cms_ipps_sheet_rows,6a80811a8f131aa303181ef9e7bea7b3,e849aac5b555fd0099fbcd8d01e67e00b142107b8c2b5a9cba3a639d5c206ae5,main-cmi-ipps__20260924T173553Z__37eb972aaf3c4ca08edf2a6ad186f740,names,cmis_billed_drgs,data,2022,2019,2019,final
cms_ipps_sheet_rows,6ab729278a64a5caea2a398132a72ec0,09ea9414f1c2079be1cbd8e826dd126b94f6d53ad3910bb98af8a54bab15f3ff,CMS_IPPS__20260924T175917Z__9b3514afa14e462ca4e3a2679530313b,names,impact,data,2017,,2017,correction+final
cms_ipps_sheet_rows,6c5e392b026a4d5bed659af26df139d8,b81540bc1195a6f48c56fbd8190c7e48b7a6160a9ea72eeb1db295937fa856cb,main-cmi-ipps__20260924T173756Z__1f3fdf452f5c47a59cf5cf9cb1f2c145,names,alternatives_considered_new_technology_thresholds,data,2022,,2022,proposed
cms_ipps_sheet_rows,6d5bc6b2d12e811eaa2b5f9a3410d084,95476307f5770c754a6645b9c1bddbb31efacd077b7a4ca6a33964d8cdc62149,CMS_IPPS__20260924T174705Z__7172b31bd95f4fcba001e755fa68ee48,names,impact_puf2,data,2014,,2014,proposed
cms_ipps_sheet_rows,6ed092bc9b017d9455788ce06e4e50fa,78a576b296a23fb0466ecd4554ff253abd7aa37e49b50009b64b50c3f83291b5,main-cmi-ipps__20260924T173528Z__79d78efd54d241df9c3ff5f0a86b1d91,names,alternative_considered_wage_indexes,data,2023,,2023,proposed
cms_ipps_sheet_rows,733030f3e4a0be65c0d5d1f07f0927ef,06fea6966993489f3c02736bb7f894aa4774d5ceb5b87f272fae2200eace792a,CMS_IPPS__20260924T174923Z__89c59f8611b34b3eb574796735dccf2f,names,impact,data,2010,,2010,notice
cms_ipps_sheet_rows,73b86e364b79996f327683df39c0662e,2146f09c26910c27a4effe91a0cb75beea11b23dd0ab7856cd1499f171f83c56,CMS_IPPS__20260924T173559Z__7fe5823187f24c3abadb5ff5b00abaf1,names,impact,data,2022,,2022,proposed
cms_ipps_sheet_rows,750ffaf84c1533efdfc688a31e1fddef,cf54d43c7b7a6a47e28edf5865505ea54c410a227a525f58c36ef8703d13a4d8,CMS_IPPS__20260924T174949Z__6e9812f1e53241a88a7b4805b72de545,names,impact07_apr2007,data,2007,,2007,unspecified
cms_ipps_sheet_rows,774b0ce3d65fbc995f8f49323ce8513c,c3fc9eb7da814d83230c695d267703c3322f93299839b65e7602f00c42f9184d,CMS_IPPS__20260924T173209Z__bc2b138887794a3899b156560b886587,names,impact,data,2025,,2025,proposed
cms_ipps_sheet_rows,7f19752de4146927cf3015e5c438b737,2e3d7c10f37e0c4355cfa67d103a7915d0c924bbd32ce7417355114b3d6941b9,CMS_IPPS__20260924T181327Z__61a57beaa4a043d2a586d86a0f617cd5,names,impact01,data,2001,,2001,unspecified
cms_ipps_sheet_rows,819a2099317be46a1236cbf54f269686,9c268c5ca5db4a3f748bc1bd9cbebdd7a00bb1941e2e82772a5b9c7f945748d6,CMS_IPPS__20260924T174939Z__4298fe39b19e4505b2e5c5c3e4bdb595,names,impact08,data,2008,,2008,final
cms_ipps_sheet_rows,8366262bd062ed4f7d18a45152ba1451,88e5b4f7fe1f805d96795fdc45406b0ba7aff6627710f7f50f8efc83f5ca1541,main-cmi-ipps__20260924T173225Z__b220b4114a784ef7b5b0e1e308631938,names,cmis_billed_drgs,data,2025,2023,2023,proposed
cms_ipps_sheet_rows,84d9c050fe74f1d8a085134b95c6e419,754865fe831151f9b03b3de226302c321c32662d03b4426ff491cede035d81ce,CMS_IPPS__20260924T174736Z__d886443d604b46d8a69439f8d1ef5bea,names,impact,data,2014,,2014,correction+interim+final
cms_ipps_sheet_rows,853a8e85d084df88570bc0faa24247c8,96a2ba863ee1c09c6482f3ec0ff575414d74176dece25d55f40ea7e1396d95d4,CMS_IPPS__20260924T174836Z__95553923d1704c059490642a83340752,names,impact,data,2012,,2012,final
cms_ipps_sheet_rows,876a100f070be7a3f9bf86cf2df3be68,7902f38ea6d2dd2e823e58ea56d05a5e8af200f9c7635ea7e0e9f41ce67cb173,CMS_IPPS__20260924T173835Z__994d6320419d473cbc70990d7c7b45a5,names,impact_table,data,2021,,2021,proposed
cms_ipps_sheet_rows,886dadfa926556db867304e46a35fda3,6806804ca3709798d3623a744579501450f007f69e59ee3c1dc9982e48feba11,CMS_IPPS__20260924T174736Z__d886443d604b46d8a69439f8d1ef5bea,names,impact,data,2014,,2014,final
cms_ipps_sheet_rows,8954fc1e91a0a947a51bb38735133076,2adb7463186d18c7a9a5e1359a17b638af77821b21f750f8e3098f0be4829d2a,CMS_IPPS__20260924T173342Z__78f84e2a8d034c82955b7ded1e93f8e0,names,impact,data,2023,,2023,proposed
cms_ipps_sheet_rows,8e2c6c6b484e7cfa71f4ab6f8ca884ef,7a8a72b2c5efc760af18d175f552ed36fe9a0d6e63e5c10eb7372646e99ea28f,main-cmi-ipps__20260924T175544Z__6be6b6d78c9f470088cfd4ed41c94fab,names,wage_index_alternatives_considered,data,2020,,2020,unspecified
cms_ipps_sheet_rows,9a3ffb69534664272c28a72c837edc06,67ac69caff9ae1895733bd4cd6ab514a70de46215caafb0985a3660579fa2803,CMS_IPPS__20260924T174850Z__ba0de46da8164f98afe7c4d493251a12,names,impact,data,2011,,2011,proposed
cms_ipps_sheet_rows,9af1939e6dfe2a4fcb4c49d4ef15952d,50ef4acb962a185cb415308a543254766864cbba066b1f1942c448bacb766e78,main-cmi-ipps__20260924T171042Z__e81eb7b87bab4755a8d043bfded5f567,names,alternative_considered_cmis_billed_drgs,data,2022,2020,2020,proposed
cms_ipps_sheet_rows,9fa7ad9496e2bc9c3ea17944b4c64195,d081c3db77055ec0195b4095e7bf7bc7d193ad75984fe86b5e6eba6f326c9be6,main-cmi-ipps__20260924T171042Z__e81eb7b87bab4755a8d043bfded5f567,names,alternative_considered_los_statistics,data,2022,,2022,proposed
cms_ipps_sheet_rows,9fd899b6dd75ffe8699bccc6c8ee5102,b78a50b486c79ab1c947be05ec435745d4165e8fc95d34443b1895cc0fae9c35,main-cmi-ipps__20260924T174944Z__fe760bf1b2f54a578a403312d2a63050,names,cmi,data,2008,,2008,final
cms_ipps_sheet_rows,a2f9b78b295ca5a05f4d72bb155c0a18,9fe26d08b358a5d6f9422603e7760dacb8c00d1365baa39044401b524349cd9e,main-cmi-ipps__20260924T174936Z__c34addcb4bd546df920627d3d894e9e1,names,providercmi,data,2009,,2009,final
cms_ipps_sheet_rows,b04c97b81a8488664167426c64cce459,4a83ea5089f47b8407a81cf0fc61a96a8cf50976e14821b0825834ab1d091870,main-cmi-ipps__20260924T173506Z__cc4fe934732d428297216cebb352e476,names,alternative_considered_ms_drg_relative_weights_los,data,2023,,2023,proposed
cms_ipps_sheet_rows,b9c8c2592865807d1f293ac7ad012e41,5814b9360426cf4b240ec6008ae87a17db3644302625c0d248bda9fec2e9fbed,main-cmi-ipps__20260924T174855Z__c4df93f7f6dd4aebb1c7140d013922f1,names,fy11nprmcmi,data,2011,,2011,proposed
cms_ipps_sheet_rows,bb43de3ac7453bd11aa3917dfc6708ce,b53b1b94f8883b2aa9b1ab60cf9993e0b307715725eaaaf804385fbb0511b455,CMS_IPPS__20260924T174736Z__d886443d604b46d8a69439f8d1ef5bea,names,impact,data,2014,,2014,correction+interim+final
cms_ipps_sheet_rows,bbcc6942d11fae926ceef8f312823625,6cee55b5c540f55209bf7de0a4a67de67859db3da64809b1f32e3ad6e16860e0,CMS_IPPS__20260924T181255Z__8326fe8d13e64479af79ad903ad9c24c,names,impact07_mar06_nprm07,data,2007,,2007,proposed
cms_ipps_sheet_rows,bd387ab17e3976ab1123ee890a631718,303b0f68a0f6b6606d23ec8acd57e4b0a3e47efe24e1a0a5ddb030a36ccae24d,CMS_IPPS__20260924T175955Z__e39eed9584dc456a8a2d5f17bb8a1c94,names,impact,data,2016,,2016,correction+final
cms_ipps_sheet_rows,be3d1f6cdc169bf73e9b18f624901c55,9f8d519c5c989a00af769142a56a613364ca784092fa641db75450352eadfec5,CMS_IPPS__20260924T174749Z__2822997fbe544ec1b352a235920c97b4,names,impact,data,2013,,2013,proposed
cms_ipps_sheet_rows,c2d23e5f69935cc26d43c5d84c388d49,417141f44aa80fff5251b91f2465d31c25875d76f42f9000902e15cc966d7867,CMS_IPPS__20260924T174908Z__8db83a0e692e4883afcd6395c4c55ab5,names,impact,data,2011,,2011,final
cms_ipps_sheet_rows,c30a7fee296e6278ee70ed51af313a0b,e849aac5b555fd0099fbcd8d01e67e00b142107b8c2b5a9cba3a639d5c206ae5,main-cmi-ipps__20260924T173618Z__9dc0dea0e84b4ef6b618d02eaf8ba7b5,names,cmis_billed_drgs,data,2022,2019,2019,proposed
cms_ipps_sheet_rows,c325455879d8c7fe7e3c9e862f35ff8b,1970965d6ec3d88ecd5832b0b08acba1a112ad2120269593fd894800ae93ae64,main-cmi-ipps__20260924T175014Z__e58ef57a4e03433e961ed15ab2b28ef1,names,cmi03,data,2003,,2003,unspecified
cms_ipps_sheet_rows,c8dc17b93f1d6321a97799be9ca12680,734ec06240f0b1506c801174a9be7694f399659652d69f79b2cdeaeeb94bceec,main-cmi-ipps__20260924T173237Z__3ba4c3ada738456286d5c09c374725cd,names,cmis_billed_drgs,data,2024,2022,2022,final
cms_ipps_sheet_rows,cafe8e23e0ad16b1b37844937d34ddc6,16de31edd8953cdcb979dfd7c3af743a9f1d42ac4f78691a3a70d1f6327d8c67,main-cmi-ipps__20260924T174954Z__fd33ba5f84244e798b91f0ccb6864211,names,cmis_fn07,data,2007,,2007,final
cms_ipps_sheet_rows,cd13e53dab2c11d8532bc32636dc9d3c,35066f966603deacdda1aa5b441353b0a17d6fa6b7031a139081e78072ead411,CMS_IPPS__20260924T174821Z__d1390d9953fe48008be8ed1e4f23197b,names,impact,data,2012,,2012,proposed
cms_ipps_sheet_rows,cdec1bc7d0a9ac2e5e78a7d57f7735fb,6a4855a7d9df24b4e7cca2e342d937a2e51d633549570fde9c7aa9f4c03b09c8,CMS_IPPS__20260924T173227Z__722b57db4ab94ee18790e850b16ce9d8,names,impact,data,2024,,2024,final
cms_ipps_sheet_rows,d15836533b7174faea873da8636f3b6f,064de32e31ca24ba13b232b1a397e66514768d2f79adfce2757b06489a26b30d,CMS_IPPS__20260924T173802Z__b337f378d95945a3804cc1d8c8a5485d,names,impact,data,2021,,2021,correction+final
cms_ipps_sheet_rows,d496ff9d0ff7cff7485dd1ea7f0d4609,4b7e75bfffb44529f5578f44eebde9c7168614f130d862f10c55dfb2cce325d7,main-cmi-ipps__20260924T174846Z__861273f3b72c4ec6b718eddddbcba4cc,names,cmi,data,2012,,2012,final
cms_ipps_sheet_rows,d5c6e853276f6a5c7fe65d10081b7e68,d7e52dae4673992859a0df3677534a7ccc99e1e035a5e790c631d9e2ecc322ea,CMS_IPPS__20260924T174926Z__d7eb5c62c1124a79bc905118c793d334,names,impact09,data,2009,,2009,final
cms_ipps_sheet_rows,d6cc5d41a224d7087fba426abcb2604d,4261667aad5eadb1683f3699b3264454b94c43eff60910574bacc6c3d4ba49a1,main-cmi-ipps__20260924T175006Z__c497896489364a66a2d86c112ff42026,names,fn06_cmi_billed_drg,data,2006,,2006,final
cms_ipps_sheet_rows,da03073341abb1833e5ae0b09065a9fd,072f13b6637f989e560ed798941aa4b7793ae8a6f3c8898c20b012efd9fcd015,main-cmi-ipps__20260924T173322Z__f6ea19806e40459f86322aaa55d3ad00,names,cmis_billed_drgs,data,2023,2021,2021,final
cms_ipps_sheet_rows,deea64b23ebc3844f386b387178b2f52,cade97ba07b4ba2939da026336269ca39e3f9a3a354312f5938740d8290ebb73,CMS_IPPS__20260924T174639Z__64561ab3d5c94a78840d6fadb753e4ea,names,impact,data,2015,,2015,proposed
cms_ipps_sheet_rows,e1d2b06a28c74b31e064f550464315a9,ec6e5d5ca546d7de4d5fef9691de47106b85ed1b8e7c412b3e9e7b278ab72401,CMS_IPPS__20260924T175942Z__769d87ab67cf44a49f45b2a1338fa4fe,names,impact,data,2016,,2016,proposed
cms_ipps_sheet_rows,e7e9766d0736ca6b82d86be8c1861a1d,879c1d83691ddda1720e882e374b5d53e73c09bd0b3d992eb4ea4d11fe6c9ba2,CMS_IPPS__20260924T173250Z__58d2595f035d4ad2bb17964448e82054,names,impact,data,2024,,2024,proposed
cms_ipps_sheet_rows,e8aa64e340624a4eaef72fd5223f752c,61fb31b0f27d85ea6f898ccb6bc700b8f8344943809d74c2dd4314f48bd45d9e,main-cmi-ipps__20260924T171126Z__09636f9f298045ad8d050269513b169e,names,cmis_billed_drgs,data,2027,2025,2025,final
cms_ipps_sheet_rows,ea0987397a4be190813088d76de5b646,2c83e803cf4dc472872571753d127797df4934613c2aae1114274328e07cc6d6,main-cmi-ipps__20260924T173530Z__fd309a96cc6a4abeb19514ee6c5637de,names,alternatives_considered_new_technology_thresholds,data,2023,,2023,proposed
cms_ipps_sheet_rows,ef753c0c3b7fc8c8e72407a645e57dc6,c1c1b2d96a953c8257671b7901b4ebe6a41a03faa3a807e8f2f3e370eac42946,main-cmi-ipps__20260924T173442Z__a6a648e0667344ffa92094cd2c1e9947,names,alternative_bn_factors_adjustments_standardized_amt,data,2023,,2023,unspecified
cms_ipps_sheet_rows,efd76fc62aacdb5b8919fd2dfe49aea6,b92aefecbe5e9dfc46fb9a30ed21d99f7d5da997666a21c8a6429a879eefdba9,CMS_IPPS__20260924T174903Z__69698d6cf02a4cfa912859b3ab2b3ab2,names,impact,data,2011,,2011,notice
cms_ipps_sheet_rows,f652a3bf9713c83d3e7bebd8de23efbf,cf597238dab1b14b80bf497026271a9e118b4ae20f3de80ff287fd538d3099c1,CMS_IPPS__20260924T174923Z__89c59f8611b34b3eb574796735dccf2f,names,impact,data,2010,,2010,final
cms_ipps_sheet_rows,f7dee57f5c12637410d3cadb5d08bc2e,ace93ea75326792d7815c5e9d87d262227cee4ab4ff27121559af95c59445663,main-cmi-ipps__20260924T173209Z__228dddb8a0454598bf4dea138b10e9d4,names,cmis_billed_drgs,data,2025,2023,2023,final
cms_ipps_sheet_rows,fa6d3473f1bf0c0616a8464a5ae3cbe7,f1e63cbd7c5c5feaf9a209c84c78925ccd42ff0834fe69a503e71c487d59289a,CMS_IPPS__20260924T173315Z__548f207b37fd46ce82e48b6483593273,names,impact,data,2023,,2023,correction+final
cms_ipps_sheet_rows,fbd894993ecdbd81043da009a977d0f7,1e2d1b45f9a3696c88450e4a972d6d18f6eccd53bfa892a775f8ffab3f2c8ed7,main-cmi-ipps__20260924T173643Z__90c450f9205c422d9314e133f1551b72,names,alternative_considered_bn_factors_adjustments_standardized_amt,data,2022,,2022,proposed
cms_ipps_sheet_rows,fc22903280d4ef238f71f24826bda610,2e1392dc49e3730063f7326622bd19f020d5ee13c751c7eedac4561287b22241,main-cmi-ipps__20260924T171042Z__e81eb7b87bab4755a8d043bfded5f567,names,alternative_considered_standardizing,data,2022,,2022,proposed
cms_ipps_text_lines,0159cc455bebe0387fe7860ad8a80948,6854cd666cf52ca3f10424382903f5ee6fed60bb5520aad1b17c277042167d52,CMS_IPPS__20260924T173208Z__971b984fa9c1450e87653c95cc8ddadd,names,impact,data,2025,,2025,correction+notice
cms_ipps_text_lines,01c93e47acb7355eaa6f7ca3ff8ad5f6,54023c1ab8e357744efea626f36e59753e33b138001c6c23865c9c08a7ee9746,CMS_IPPS__20260924T173208Z__971b984fa9c1450e87653c95cc8ddadd,names,impact,data,2025,,2025,final
cms_ipps_text_lines,0243a90edcd4a1e2cd101762a825c19c,5538b185ee0bd63ff97b1aa0cb3c7aa0642f9b544d08eaa2bdf26d6d63fc8da1,CMS_IPPS__20260924T175955Z__e39eed9584dc456a8a2d5f17bb8a1c94,names,impact,data,2016,,2016,correction+notice
cms_ipps_text_lines,03e106241b8330f0bcb330cc2d321d78,c8dd4caed5c0b6cbe17acca96b74285abd9f497a6bf9c233f0044ba5a7273b40,CMS_IPPS__20260924T173315Z__548f207b37fd46ce82e48b6483593273,names,impact,data,2023,,2023,correction
cms_ipps_text_lines,04898ced79c1b1fcf07938469e28d010,62fe415e1d8bf75c7b39b443eb639c33325ba897e9413795a6529f2c30c89642,main-cmi-ipps__20260924T171042Z__e81eb7b87bab4755a8d043bfded5f567,names,alternative_considered_aor,data,2022,,2022,proposed
cms_ipps_text_lines,04a39b949eeadea26398ea63c1f18e24,ae346fc52b76da8a14858a1b8b8e4cbf3029e5fc1f4d49474731ff9f57dcf9c1,CMS_IPPS__20260924T171105Z__08f3690d94fe4ba8b7b7678683979e94,names,impact,data,2026,,2026,final
cms_ipps_text_lines,06296bbacbe650be5e5bc9b95deef469,881ed5ac86fe4e98b1b40dc93c745a39c46c96f27583575182b56a0fd9540f0c,CMS_IPPS__20260924T181406Z__c587ac48f778435ab0a2a81163588d5a,names,impact94,data,1994,,1994,unspecified
cms_ipps_text_lines,097917a9c975e106fd9f7eb8fcbac952,6b212460be61373251c096877599adbad43eb6b9ac6ccabb521c0756b1edadd1,CMS_IPPS__20260924T174836Z__95553923d1704c059490642a83340752,names,impact,data,2012,,2012,final
cms_ipps_text_lines,0be405ffa4de635849ecdb5cdb38e8f1,3c77d3d43cc43032306380c5004fde25a2f5887d9ef6d8e6f98de663ac5d2090,main-cmi-ipps__20260924T171042Z__e81eb7b87bab4755a8d043bfded5f567,names,alternative_considered_los_statistics,data,2022,,2022,proposed
cms_ipps_text_lines,0de806862023b0f4afdae6a20ddda741,3a9fc3bd84627eca41259b4fce315839190a556aca259b3ee95131fd164079c8,CMS_IPPS__20260924T171137Z__cac52ae4d5604c2ab9994861c9936624,names,impact,data,2020,,2020,final
cms_ipps_text_lines,0e6fc74fe8522ebdd0e06b25cd3d9fb6,5340209ff04edefc41ca876241d0012984700b8d1a9d6afcb3c8e823358723cd,CMS_IPPS__20260924T175458Z__309976db51d74643aa54ed4a16372c41,names,impact_variable_descriptions,description,2020,,2020,proposed
cms_ipps_text_lines,10079a74718f3f74dafdb1edf04720b2,39fd28d9f18c836c4ffe9f9928248f824db453abc6541f40ed308e0e3a4c8be0,main-cmi-ipps__20260924T173750Z__878054b220414e93a10b67f3d6752077,names,alternative_considered_rrc_cmi,data,2022,,2022,proposed
cms_ipps_text_lines,10745806923c63e4f7b1faef8500e776,f46339caf34c259f4c553d0fbc7f393766c64348f01e05ef71435337f765f8c7,CMS_IPPS__20260924T181347Z__0f330a6a48a14eda935afb83f2c052e5,names,impact97,data,1997,,1997,unspecified
cms_ipps_text_lines,12ab75f8c5ce8d755fe532599f05f6dd,33a2dfe30a7def3614cac35eeec3f675466a1854c0bfb1e03ffba3dad030be7c,main-cmi-ipps__20260924T173851Z__15075da5e9a94359b1d50d83c5c15ef5,names,cmis_billed_drgs,data,2021,2019,2019,proposed
cms_ipps_text_lines,1499ade9bc09fb82a74ad7a1869d915f,2c0f536b61a7930cf31f304e330df7f6a7adafdf87eb43730d1aff5e8b525971,CMS_IPPS__20260924T174736Z__d886443d604b46d8a69439f8d1ef5bea,names,impact_variable_description,description,2014,,2014,correction+interim+final
cms_ipps_text_lines,15213cf3255ff67ee8dec6c9be3bf0eb,859ca921f19b46d754c990c1608ffb77649f9210b98bdb52ea4daa692e1ca770,main-cmi-ipps__20260924T175853Z__d96d8843b15d4890b5b0d05b38140893,names,cmi17_v32billed_drg,data,2017,,2017,proposed
cms_ipps_text_lines,1601faec89a91799f3d91d3a7657d5fe,5c900cdf41579557c15b3167e082fe4a4d0336feafac9989ba0642ef7e77b74a,CMS_IPPS__20260924T174821Z__d1390d9953fe48008be8ed1e4f23197b,names,variable_description,description,2012,,2012,proposed
cms_ipps_text_lines,16627e7ee18ee378e30d4786908297fd,348c70313547e7f1e3c2ff7f23ff74be3095b7a55650edb909c5d7c26e38708e,CMS_IPPS__20260924T174629Z__b80d84edfef6401cb402a6db9afd8cdf,names,impact,data,2015,,2015,final
cms_ipps_text_lines,194661051303829fa8add80750f74fa8,c920db75037fcecf102e1c7864895b56cae4f71de9f23ef2d4e8b4ce723e779e,CMS_IPPS__20260924T175813Z__f9beb5a14fa64a41b937b18721ca8962,names,impact_variable_description,description,2018,,2018,correction
cms_ipps_text_lines,197a4dd0562dc515d4248e9ddb3d6ae3,750249ce53bdd9102a1e82852bd473e563d88874fac52169fdd0ec167d567d9d,CMS_IPPS__20260924T175740Z__d84162b1a51e41b788764befff07f1af,names,impact_variable_description,description,2018,,2018,proposed
cms_ipps_text_lines,1a9dc400419b0f00b3b5e32883938d55,403f69c00743711878c49e9d0cbeef4188d942b8f94a6bea7002ccf12f2c9d1b,CMS_IPPS__20260924T174749Z__2822997fbe544ec1b352a235920c97b4,names,variable_description,description,2013,,2013,proposed
cms_ipps_text_lines,1eefeaace71452cb3f5fd2cfbfd1161a,140c774281d0108d12d8ee2a2eca7e1af866bde55c05de4d7bcfba92d00828ed,main-cmi-ipps__20260924T175757Z__7b1676ab8082472eb5150419803601cc,names,cmis_billed_drgs,data,2018,,2018,proposed
cms_ipps_text_lines,1ef28a0e41b19af5ce48e2e70caa5ea9,6b73b18fb00188885fac3d40d144f86fee9ca51de2bd014acc955ba5ae3ab931,CMS_IPPS__20260924T173250Z__58d2595f035d4ad2bb17964448e82054,names,impact,data,2024,,2024,proposed
cms_ipps_text_lines,1f0956815474c5844ec6fcd7ae7e83ae,ec7344a80fd97ffb0a67d74acb0bfe28ee2ab500cce1342c155dde21dc388790,main-cmi-ipps__20260924T173505Z__c85dd32250cf4fcc8acf5f65bf768534,names,impact_alternative_considered,data,2023,,2023,proposed
cms_ipps_text_lines,1faf88ae69ce3f7c3220f4506c196d4b,1b0d8b5588aab217b8491986dc738d28a7e2b2eb6cd33e97bcf7af9acb9d3fdd,main-cmi-ipps__20260924T173737Z__a8f80882d6f44fd28744de1ad222d569,names,alterntatives_considered_lugar_counties,data,2022,,2022,proposed
cms_ipps_text_lines,233d006a7a31ee160c97665dc3adb8c7,61a3cfb84973b2997ca60b2ebdce129005a9267d452db0ee984d9ca1eefacc88,CMS_IPPS__20260924T175706Z__57e51b4e110e4c55bfff1f659dfd2c73,names,impact,data,2019,,2019,proposed
cms_ipps_text_lines,242197263c4779fa4c1db3f991e3c411,e99b1cb5828a1b290b8db6543f2e80e51e97408ed70f3058d655c1db0131512e,CMS_IPPS__20260924T173208Z__971b984fa9c1450e87653c95cc8ddadd,names,impact_variable_descriptions,description,2025,,2025,correction+interim+final
cms_ipps_text_lines,24f524f987f95d25ca2439d9256a0559,4fd06760fd32d39f76711d4102d2976136df673f705643b3f5273762f6899145,CMS_IPPS__20260924T174639Z__64561ab3d5c94a78840d6fadb753e4ea,names,impact,data,2015,,2015,proposed
cms_ipps_text_lines,25197af2b02b7377ab847939ab05bb1f,d6b508db8989aa3201ae9295534023e38b98bf2e83bfc00744e56167dbe343a4,main-cmi-ipps__20260924T174855Z__c4df93f7f6dd4aebb1c7140d013922f1,names,fy11nprmcmi,data,2011,,2011,proposed
cms_ipps_text_lines,268258cdb30b579141f97a3a8356e279,1d99e98ee50567643a3b1ac9b75c22e87c58780712b7b81486ff8e0e81a01b75,CMS_IPPS__20260924T173552Z__85e51b22b2264b958002f51b413fab63,names,impact,data,2022,,2022,correction
cms_ipps_text_lines,279a0a8ceabde9affa842934a66c837d,5bcf65cf9b84dd58e3e127bfec11c4e7892b3546cb64fb7c218dee6e5b6daa6d,CMS_IPPS__20260924T173342Z__78f84e2a8d034c82955b7ded1e93f8e0,names,impact,data,2023,,2023,proposed
cms_ipps_text_lines,2b16749d9beec4ea22c704631dc01470,66338db84fd8b02671810a662c1f9dfdac7de87708ffdb26b7175ac22078c984,main-cmi-ipps__20260924T174909Z__936b4d2d9813416399b4261672342394,names,provider_cmi,data,2011,,2011,final
cms_ipps_text_lines,2bedcb82e309f2e8b8b9dfd7f826c963,a1b835ad94d04c69f76bb43dc7b2a721b9655b442e18ebb61b0079c40cfcb5c4,main-cmi-ipps__20260924T173618Z__9dc0dea0e84b4ef6b618d02eaf8ba7b5,names,cmis_billed_drgs,data,2022,2019,2019,proposed
cms_ipps_text_lines,30bd55021277bd4b0230d2dbe9993714,058610057dbbbee8b294365e47b5f277680e1eaf922ecdbb775c7a880e4805f7,CMS_IPPS__20260924T174629Z__b80d84edfef6401cb402a6db9afd8cdf,names,impact,data,2015,,2015,correction+final
cms_ipps_text_lines,31b4daa0fd49472dbe92eeca3350c501,b22dbaa0849d8d05e1b40f9008d2fde40adfecbc572c8c7469ec67d7e20359cf,main-cmi-ipps__20260924T173530Z__fd309a96cc6a4abeb19514ee6c5637de,names,alternatives_considered_new_technology_thresholds,data,2023,,2023,proposed
cms_ipps_text_lines,3213ef7d4705f5ca3254535c61b30183,cb45cec88d9ccec462a7b610f48402cc7420899cc12b4dbff355899b6edf44ec,main-cmi-ipps__20260924T173209Z__228dddb8a0454598bf4dea138b10e9d4,names,cmis_billed_drgs,data,2025,2023,2023,correction
cms_ipps_text_lines,32d86ec330d3e650d3ac781dd8426f8a,b061d0cca90aeef0c12073c892b480cd205fe67ab6d765938d408c1da5a7ea64,CMS_IPPS__20260924T173315Z__548f207b37fd46ce82e48b6483593273,names,impact_variable_descriptions,description,2023,,2023,correction+final
cms_ipps_text_lines,33ba9cf495de5289d639d76a847f5885,5f5e25ab707fc60ac2b50dbcc2bbd60f08fad98f36c976734f7962163cd2b01f,CMS_IPPS__20260924T181305Z__c317a87a795d45dc91bca23f5beac53a,names,impact02,data,2002,,2002,unspecified
cms_ipps_text_lines,34d3e3435732841e6efce33696e56b4d,421677756dda8eb36db47b97b6d8784f349257fd31b3be3b22f962b161b2afc4,CMS_IPPS__20260924T174808Z__7fa661f2e1b940bcacef95a7808affe4,names,impact_descriptions,description,2013,,2013,correction+final
cms_ipps_text_lines,34ed3ab789a2ae2f3a567b4727be723b,cd74f23f06b8248b3acfc634b621ca98b56852edc26fce9d9866a154630bcc23,main-cmi-ipps__20260924T173209Z__228dddb8a0454598bf4dea138b10e9d4,names,cmis_billed_drgs,data,2025,2023,2023,final
cms_ipps_text_lines,37aca2e3bb0cc4515db73edc7205964c,f7128ef7feacaa6605a47a8c22c704df418a956ba0e8661f2a6aba59d6616916,CMS_IPPS__20260924T175813Z__f9beb5a14fa64a41b937b18721ca8962,names,impact,data,2018,,2018,correction
cms_ipps_text_lines,38edaf39e922e052789766f06f96924c,fb7bf781a2d849219fc04b00dab250675219e920c40e5af07743541c37d05996,main-cmi-ipps__20260924T173305Z__6a7b9671c014482fa07b40019a66c27a,names,cmis_billed_drgs,data,2024,2022,2022,proposed
cms_ipps_text_lines,39c92ff94aad3c9d59e32d4577a5ea4b,f233b7baaf66270d7840ee81b74444321b7bd69a581ddb03cbe4979aed0a2f5e,main-cmi-ipps__20260924T173225Z__b220b4114a784ef7b5b0e1e308631938,names,cmis_billed_drgs,data,2025,2023,2023,proposed
cms_ipps_text_lines,3c21837700be617d5bfdbe54d0443d81,d77e979589f4ab027c9a46b1d96ffa88cf3647c400e6216ab12a9fb1a70451c1,main-cmi-ipps__20260924T174724Z__f219bfd5c7ad4793827f28cc25eedc01,names,cmi_billed_drg,data,2014,,2014,proposed
cms_ipps_text_lines,3e79d1fffaa1df92cf4170d05c8cf059,874f4ceea89351ba07b1c67a218a1e30f51c28405f73cf156a80bf1368994485,CMS_IPPS__20260924T175621Z__ea836c20053444598927e787b0c7ea37,names,impact,data,2019,,2019,final
cms_ipps_text_lines,3f45a7fb2fc14b419d1f3e2d35cc55eb,190977ae74c49dcaac3cd1ab117ef028c33c9e08556394d27d447f8c2880c36b,CMS_IPPS__20260924T174736Z__d886443d604b46d8a69439f8d1ef5bea,names,impact,data,2014,,2014,final
cms_ipps_text_lines,3f85cf68690ce0a549dfd9599eb426c2,98969ec49e8f76fb936e4de6f6823de1c09a91d3a7ed8ff62c365b9a33224d64,CMS_IPPS__20260924T174923Z__89c59f8611b34b3eb574796735dccf2f,names,impact,data,2010,,2010,correction+notice
cms_ipps_text_lines,3f90cb284bcd647b32c383ba3583001a,e844eea7c236384cfad29a5a640ffdbae61f16dd236f249212f1190d1570c05d,CMS_IPPS__20260924T174923Z__89c59f8611b34b3eb574796735dccf2f,names,impact,data,2010,,2010,notice
cms_ipps_text_lines,3fc858e1ad111f7f0cd11b8f2555eedf,1d158c66791aa52156ade264f8fc858d475ce56addefe1de058805ab9a2e7f20,main-cmi-ipps__20260924T173237Z__3ba4c3ada738456286d5c09c374725cd,names,cmis_billed_drgs,data,2024,2022,2022,final
cms_ipps_text_lines,402d0f714f939d360a8c36979b64d37c,f62d00df8dbf82b7278eb8bd3e7dee9ef43338864a3063326f6f72fa6d01770d,main-cmi-ipps__20260924T175632Z__a12ac0b2528f464a969acd1fc1448cbf,names,cmis_billed_drgs,data,2019,2017,2017,final
cms_ipps_text_lines,405867df990c83a8eb136e9cde09bb79,69f592b97029e58e5e904b9bebfa93eae33d2bcaea697ca4768a4c6a976a2744,CMS_IPPS__20260924T173835Z__994d6320419d473cbc70990d7c7b45a5,names,impact_table_variable_descriptions,description,2021,,2021,proposed
cms_ipps_text_lines,4124926cb2bd8f90a9c4d29234a2c88d,7d8034fd98ccfb034d06a3ff80b52b1c487fa4dfe41817a2ebe1f67c6fc37732,main-cmi-ipps__20260924T175028Z__5e4945e0dfc1447ead5b5d9bc7d0cacf,names,s,data,2026,,2026,unspecified
cms_ipps_text_lines,41e03854c3ecd989d863a9c60a7514c9,0c9ec72c124a8f3b8211f1dc666239cd32a55272a55013498cc256aa8d62c926,CMS_IPPS__20260924T174808Z__7fa661f2e1b940bcacef95a7808affe4,names,impact,data,2013,,2013,correction+final
cms_ipps_text_lines,4273347263a397adf48bf6ea940d4b4a,40e0597f9ea9a08d6d2604c1064545c58d16839edd4cbd38de102db27bcfea1c,main-cmi-ipps__20260924T173737Z__a8f80882d6f44fd28744de1ad222d569,names,alterntatives_considered_list_counties_eligible_out_migration_adjustment,data,2022,,2022,proposed
cms_ipps_text_lines,431e6e097d800a50a99921ed3eacdb81,5577844cebc7e63b4798b494fb9485f8ab4268d5754c747d19778f3bf5961467,main-cmi-ipps__20260924T174944Z__fe760bf1b2f54a578a403312d2a63050,names,cmi,data,2008,,2008,final
cms_ipps_text_lines,4347c82fd740cacc5612c7a74d80f7e0,09f9d260aff6e07242be5482daacd98b15662259ff036d150e2b518ae61e8be5,main-cmi-ipps__20260924T175028Z__5e4945e0dfc1447ead5b5d9bc7d0cacf,names,deleted_om,data,2026,,2026,unspecified
cms_ipps_text_lines,450daed3264527c1770af02a0e49e7dc,89d4cdbdf809553c5142f9e13ceb3ca0b3277c32bfeebca10868c4ec16a12b99,CMS_IPPS__20260924T175553Z__9f8e7425a8374ba4a09fd4ffa92a4632,names,measure_impact_use_supplementary,data,2020,,2020,proposed+notice
cms_ipps_text_lines,46b2f056e1f86faa86b2124e1788d87a,55d6b434fe906aac3b25163fc635b639d9ed07a425facad056b8872e35c65dbb,CMS_IPPS__20260924T181338Z__80086ecb507146c69cc7be8db4f0487f,names,impact99,data,1999,,1999,unspecified
cms_ipps_text_lines,4941250e91cd2751156f4fc2b86f83eb,2625fa40d3ee8c2fd0f94803475242d9acea4223ab57ca31b171e5b150248124,CMS_IPPS__20260924T174736Z__d886443d604b46d8a69439f8d1ef5bea,names,variable_description,description,2014,,2014,final
cms_ipps_text_lines,4a45d1b52f016b56e9b4f956af6a58cd,2b11a9a5cda814f3a91cee09ec5ede7cd0af713f06f6191d8ed76f622c08aa02,CMS_IPPS__20260924T181342Z__9f4bbc7d994d4a0480c6f68724e01295,names,impact98,data,1998,,1998,unspecified
cms_ipps_text_lines,4ae79ae9dc0c023cf039c2753f9ea97e,339a2fc6f402fbeb76d825a42ec67cc6fef57b5492c167b648fa0f3bd10dd789,main-cmi-ipps__20260924T173643Z__90c450f9205c422d9314e133f1551b72,names,alternative_considered_capital_bn_factors_capital_federal_rate,data,2022,,2022,proposed
cms_ipps_text_lines,4c73eaf8bb731d87b5a831e0e5cd3c95,b6d48550b53a6c75c0804dc64b6d95476a42dfb4e11de4e34b7012afe43a328c,main-cmi-ipps__20260924T171042Z__e81eb7b87bab4755a8d043bfded5f567,names,alternative_considered_standardizing,data,2022,,2022,proposed
cms_ipps_text_lines,4d9cc7202a5876ef1e664f0f6755bc19,185b49929f8e235777137c308fb01f18f43773e432b867f73ea8ad3615596d85,main-cmi-ipps__20260924T173442Z__a6a648e0667344ffa92094cd2c1e9947,names,alternative_capital_bn_factors_rate,data,2023,,2023,unspecified
cms_ipps_text_lines,5249cd6f2acb62e6c2d661888bd42dea,790d3d4fdeff97b136d6fe7203b4df3d81d1054b46b20984b992c9003bd9e821,CMS_IPPS__20260924T174939Z__4298fe39b19e4505b2e5c5c3e4bdb595,names,impact08,data,2008,,2008,final
cms_ipps_text_lines,533df43fff0855f88d9595646d211e1e,b7a2e62dbf235a432401f4cce8cdb851ef993f42621015688a97d04547b0562c,main-cmi-ipps__20260924T171136Z__841412f688324eb898152e97992ed9c7,names,cmi15_billed_drgs,data,2015,,2015,final
cms_ipps_text_lines,57d780167104148cb2ac990029170b86,4246b6ba54d7d7bc7bbb8b3535ca6d28f7d160eeb838a47f509ed14298f73790,main-cmi-ipps__20260924T174832Z__f5b6db5f0d3c43c497336214a9d7a3ef,names,cmi10_v27billeddrg,data,2010,,2010,unspecified
cms_ipps_text_lines,586301291ce748761e8bfccb06a04744,4485939910a011888cdf637c943476f043e09b22d92850e49176a5e55c84d64f,main-cmi-ipps__20260924T171042Z__e81eb7b87bab4755a8d043bfded5f567,names,alternative_considered_bor,data,2022,,2022,proposed
cms_ipps_text_lines,5a3d293daed366661049f8867f662f9f,61a3cfb84973b2997ca60b2ebdce129005a9267d452db0ee984d9ca1eefacc88,CMS_IPPS__20260924T175706Z__57e51b4e110e4c55bfff1f659dfd2c73,names,impact_variable_descriptions,description,2019,,2019,proposed
cms_ipps_text_lines,5c5559d507e01c0f1b3725c52a369c11,d0f952e2953ea775dbab6e129886679585a7779798fdd24773a3bf0733db704c,main-cmi-ipps__20260924T173648Z__3a3a7bed519742f7870a878777e5974e,names,alternative_considered_impact_variable_descriptions,description,2022,,2022,proposed
cms_ipps_text_lines,5cce76e53d05ee074b007e5e9f8bf6f9,70fd2cb329343eab39d48d5d03b5235dca911a767226c049575fb6782375fdad,CMS_IPPS__20260924T174850Z__ba0de46da8164f98afe7c4d493251a12,names,variable_description,description,2011,,2011,proposed
cms_ipps_text_lines,5cd439161a6b79e0686f8aec5679cfe3,45d789194b4e43e243d8a34351ed24e1ab943305c84ee8bcd981508b91a284f0,main-cmi-ipps__20260924T173528Z__79d78efd54d241df9c3ff5f0a86b1d91,names,alterntatives_considered_list_counties_eligible_out_migration_adjustme,data,2023,,2023,proposed
cms_ipps_text_lines,5d97db3b45ac6f3611c79ac5da2d26b0,8335b1137b9c9dc6043bb078ba4db49f22ea81f7fbd703397361eb89708d9536,CMS_IPPS__20260924T173315Z__548f207b37fd46ce82e48b6483593273,names,impact,data,2023,,2023,final
cms_ipps_text_lines,6003f7f003ca0e2dd759dc29c48e2cd2,f20cf276fcccb0ed2eb010d4b1df4da59f60dd4584474128ae94a8283ca7df78,CMS_IPPS__20260924T174705Z__7172b31bd95f4fcba001e755fa68ee48,names,variable_description,description,2014,,2014,proposed
cms_ipps_text_lines,609f3a6d6b5403a0b430beaad67481cc,0155832d35ad284ca270a99e4535f95626211ad49c92a8b917fdd7081c3ddc76,CMS_IPPS__20260924T173559Z__7fe5823187f24c3abadb5ff5b00abaf1,names,impact_variable_descriptions,description,2022,,2022,proposed
cms_ipps_text_lines,6168f1165f73a63f047d6e6cb5dcd965,2a78e7b97c09d67b037c57d0fc7c11802cdd071720ad3b24655469f71226d5ff,CMS_IPPS__20260924T173552Z__85e51b22b2264b958002f51b413fab63,names,impact,data,2022,,2022,final
cms_ipps_text_lines,61e5d0e452e4a12e4d7b700aaa0fa8cf,c8e048f447ad953ecab0fdb64f16509ac8de88fab3a49e45c4d53eb0867a0ef2,main-cmi-ipps__20260924T173528Z__79d78efd54d241df9c3ff5f0a86b1d91,names,alterntatives_considered_lugar_counties,data,2023,,2023,proposed
cms_ipps_text_lines,658a97b48b3473ee0bcb59998057bc0f,6b7bcbd1538f67579c5c28d24de5341f1f374eeb71795c9ff6d313bd59903dd9,CMS_IPPS__20260924T174903Z__69698d6cf02a4cfa912859b3ab2b3ab2,names,description,description,2011,,2011,proposed+notice
cms_ipps_text_lines,67cb6dd458fe9f20e24534758a9b07d9,83b9668d22a23b40def50b64725f9674dcaa821d0b2db5e43215e672cad69a71,CMS_IPPS__20260924T171137Z__cac52ae4d5604c2ab9994861c9936624,names,impact,data,2020,,2020,correction+notice
cms_ipps_text_lines,69bdaa5ba49c0e765f576a9a1f4294dc,c1b0e3f56460b0ca4f09ca89285bda23381c7bf02d4dea58434374b6221dedef,CMS_IPPS__20260924T173209Z__bc2b138887794a3899b156560b886587,names,impact,data,2025,,2025,proposed
cms_ipps_text_lines,6b5a577251bdcaf80a4fcdccfd38fad1,154f083b7a7551d092a3e3560acbc90e0c8e8cd5482f9834e60602aa58f5f3e7,main-cmi-ipps__20260924T174653Z__537deb440db949d9a5c3c53a02df7aea,names,cmi_billed_drg,data,2015,,2015,proposed
cms_ipps_text_lines,6c8e8be5c4b078a322cc06d5ef915f13,889c0fa393eb97001c4e13ea7a1b5b00a615df6347395172a1f3d1b39658d054,main-cmi-ipps__20260924T171042Z__e81eb7b87bab4755a8d043bfded5f567,names,alternative_considered_aor_4drgs,data,2022,,2022,proposed
cms_ipps_text_lines,6f3b97177504c72d02c4bf5d25f99399,69e29b1bce926a659da7ed486519953bd8a8c0219632de5235a42287663cb9b1,main-cmi-ipps__20260924T174804Z__c363688fa3f64e91acdace3d0c8d23c1,names,cmi_v28billed,data,2011,,2011,proposed
cms_ipps_text_lines,7205b71db3bcb0efc2f3d41092b6dcc4,0307eb65363fbd1c74698d0cd9fd5835d35ad6cf8f91007331e3d7b7ed9744f1,CMS_IPPS__20260924T174821Z__d1390d9953fe48008be8ed1e4f23197b,names,impact,data,2012,,2012,proposed
cms_ipps_text_lines,722ba342b7f6dc77232cc16de95ce0b7,51ad111b0eae6196261328440238e3becebcb13e0b500ed698a597e11e609657,main-cmi-ipps__20260924T174625Z__76ab29c932984256a39ed37498f729c0,names,cmi16_fy14mpr_billed_drgs,data,2016,2014,2014,final
cms_ipps_text_lines,7294f80175e6f0fda3f0a12799ab363b,b78fe381f9f761a537bb00e40ff3d6b8c45b56003c08432f6fe7999a5e288a01,main-cmi-ipps__20260924T173909Z__a4db83ba3bf44fd8870a78cfbf858970,names,cmis_billed_drgs,data,2020,2018,2018,final
cms_ipps_text_lines,74faf64d45f6c42829812299f0c7e595,47263f836af60951f73c0cc23985865a009c73dc3a8814d9f934c63e6d45b1a3,main-cmi-ipps__20260924T173643Z__90c450f9205c422d9314e133f1551b72,names,alternative_considered_standardized_amounts,data,2022,,2022,proposed
cms_ipps_text_lines,76f635ece16b38949772b6313f7cb608,83b9668d22a23b40def50b64725f9674dcaa821d0b2db5e43215e672cad69a71,CMS_IPPS__20260924T175621Z__ea836c20053444598927e787b0c7ea37,names,impact,data,2019,,2019,correction+final
cms_ipps_text_lines,79351bad8982467f0cef81e2a31418ac,1736f857e076d8bafe57edea0e4620cba9c3fd669c69ab1a9de33451621559bc,main-cmi-ipps__20260924T175828Z__daa79c77dfb046ecbfa03445887f8fcc,names,cmis_billed_drgs,data,2018,,2018,final
cms_ipps_text_lines,79ab7af644710cea83bc8aa6b93888d9,90911ffbd9e54f0fc921f5fa0fc88a22ac83f0bb4f07f20d25c52253ffc6ac50,CMS_IPPS__20260924T175458Z__309976db51d74643aa54ed4a16372c41,names,impact,data,2020,,2020,proposed
cms_ipps_text_lines,79c8e62e52072afdbd1c86272060ce5d,15f70c553dbb63e8315a15b079ba0188849fd622fe3a5a820371f3e684f92321,main-cmi-ipps__20260924T171126Z__09636f9f298045ad8d050269513b169e,names,cmis_billed_drgs,data,2027,2025,2025,final
cms_ipps_text_lines,79f3d83276a1568511d3b90bda38f822,a1b835ad94d04c69f76bb43dc7b2a721b9655b442e18ebb61b0079c40cfcb5c4,main-cmi-ipps__20260924T173807Z__a493efb30a4b44a7afca33560cebc619,names,cmis_billed_drgs,data,2021,2019,2019,final
cms_ipps_text_lines,7b90f97082effa230c5d8d556f3897f6,4038d33aa4f74fafeaefc41b4714e0c992895ba0680cbaf62c06ce481037f0aa,CMS_IPPS__20260924T173209Z__bc2b138887794a3899b156560b886587,names,impact_variable_descriptions,description,2025,,2025,proposed
cms_ipps_text_lines,7f85f340bfde4a3e1cc3291171e375c7,7a9c5a00a9619463c357f68dda288e29428aadf72bf80ce209aa1612b2eaa4bd,CMS_IPPS__20260924T173227Z__722b57db4ab94ee18790e850b16ce9d8,names,impact,data,2024,,2024,final
cms_ipps_text_lines,82b20c8521fc4caa18b95f786af6b7ba,c5b6b3e243c9bb38db336d4c708f2f506804caed1a81ccdc0b83d0160a55ad56,CMS_IPPS__20260924T175917Z__9b3514afa14e462ca4e3a2679530313b,names,impact,data,2017,,2017,correction+notice
cms_ipps_text_lines,837dd58f4e66d000a58243496c5a3c94,ef3f262dcf2f1f8d3d7edbb9ea49ecb401130d4202308725627a65c254d36f1b,main-cmi-ipps__20260924T175932Z__b583f260aab24347be05b854439417fa,names,cmi_v32billeddrg,data,2017,,2017,final
cms_ipps_text_lines,87623cb71c3ea8ade568ce7423c18799,d831dcbcf6c921158ed76ded2dbb10c9e469cb9370d13b6d62b153bb6a92d48a,main-cmi-ipps__20260924T171056Z__fe7f687fbf644b9e962afd84f4d7c1e5,names,cmis_billed_drgs,data,2026,2024,2024,final
cms_ipps_text_lines,8771e638a9f5cf1a56813b5a2d9d7d92,2f3a2e8b6a95265534a1f7cdc32455e378892c2f27179f3c81511696492c3668,CMS_IPPS__20260924T175839Z__8c837e84167c41fab7266c9909fd2d29,names,impact_variable_descriptions,description,2017,,2017,proposed
cms_ipps_text_lines,879c92a56812ce911ce835d2596a02dd,902f2ed148dc93d404cbeb60c78ae7a88c3191cf3eea4529cf4ef328c84c35ec,CMS_IPPS__20260924T175955Z__e39eed9584dc456a8a2d5f17bb8a1c94,names,impact_variable_description,description,2016,,2016,correction+final
cms_ipps_text_lines,87a6afabee5a4824a8a54c3c92f53bc1,47c3c7b8cd5a1836e47fb3cc4f5331dff602f464f6d06269ee3ca9281fb8122c,main-cmi-ipps__20260924T173506Z__cc4fe934732d428297216cebb352e476,names,alternative_considered_ms_drg_relative_weights_los,data,2023,,2023,proposed
cms_ipps_text_lines,88cf36c46309ce51ae916486a1af91e7,2bc081479de8392865c35ca5397d4884a991ef43839c7eb791f186898a97d3ef,CMS_IPPS__20260924T175942Z__769d87ab67cf44a49f45b2a1338fa4fe,names,impact_variable_description,description,2016,,2016,proposed
cms_ipps_text_lines,88d98345725b7d3eb7b414b1a54b35fc,305a54d16d35f47aa172adde2f55dab35e15befde3aaff0acfef860a9ccaa0f6,CMS_IPPS__20260924T175621Z__ea836c20053444598927e787b0c7ea37,names,impact_variable_descriptions,description,2019,,2019,correction+final
cms_ipps_text_lines,8d709b17755970cb1a2353e63f319c0d,5b54a03a59bf0b03a52c34fb2f591f1aed33030479502cb3c5975e031044b7ee,CMS_IPPS__20260924T174923Z__89c59f8611b34b3eb574796735dccf2f,names,impact,data,2010,,2010,final
cms_ipps_text_lines,8d755e252078cb744916b6fefa8b5a9f,08f489cc7fc1b0151ba508b333f22cdfeb2ac6fc23211bdb464990b5163616a4,CMS_IPPS__20260924T175917Z__9b3514afa14e462ca4e3a2679530313b,names,impact_variable_description,description,2017,,2017,correction+notice
cms_ipps_text_lines,8ef0e2198af145908e3e2fd5d411eae1,5ebca0a4f2f55d35eb639b70222c8c7c551399f65b926ce792a4e37ad1f86766,main-cmi-ipps__20260924T173505Z__c85dd32250cf4fcc8acf5f65bf768534,names,impact_alternative_considered_variable_descriptions,description,2023,,2023,proposed
cms_ipps_text_lines,90dd2141e8fbdaeb8c698d7192ec3c62,5973b514468d7f584cde91dce7b9479f6c75c727f9eb2ee4fe2c128f45355276,CMS_IPPS__20260924T175839Z__8c837e84167c41fab7266c9909fd2d29,names,impact,data,2017,,2017,proposed
cms_ipps_text_lines,919f0c911211f49a066a93bd1505fd5b,3baa3ffa0950aba51cfc78a2bd7b7abc9f9037c3d074549fac0f79298ece6f85,main-cmi-ipps__20260924T174818Z__c928fb56f1834786a553840be8706edf,names,cmi11,data,2011,,2011,final
cms_ipps_text_lines,93c8ceebcdd7970b093324b165787835,2ffa236e131382e3d9ca8d4f54ddb8e46d05a8cab4cddc102f8c33062aa1f32d,CMS_IPPS__20260924T175813Z__f9beb5a14fa64a41b937b18721ca8962,names,impact,data,2018,,2018,final
cms_ipps_text_lines,94afd8e68a4dc9005869c729c14fe6c6,6e69a1f4328928b30b9cc64cbc9db6688d4ceebc1692e9465ac476799a98c4f7,CMS_IPPS__20260924T174903Z__69698d6cf02a4cfa912859b3ab2b3ab2,names,impact,data,2011,,2011,proposed+notice
cms_ipps_text_lines,96f62bf156ed4f3e9447de6de0558bfa,723af2b98f09a5f67c8bf293078b511327fd815f95ae79f533c86aff0d3ed31d,main-cmi-ipps__20260924T173528Z__79d78efd54d241df9c3ff5f0a86b1d91,names,alterntatives_considered_case_mix_index_wage_indexes_ccn,data,2023,,2023,proposed
cms_ipps_text_lines,978cf9a862c973902129dd5ac367a3df,44a81a4e445097b6f60cc7e2bb1abb4350b612dea6aebf77a716bd65130df871,main-cmi-ipps__20260924T171042Z__e81eb7b87bab4755a8d043bfded5f567,names,alternative_considered_los_statistics,data,2022,,2022,proposed
cms_ipps_text_lines,9883d5e0eb9273007c3cc2f014f2cb2e,b548f696e698e43e8b149b56d9749626994dc97e2e585cde402fef15acec9b77,main-cmi-ipps__20260924T173737Z__a8f80882d6f44fd28744de1ad222d569,names,alterntatives_considered_case_mix_index_wage_indexes_ccn,data,2022,,2022,proposed
cms_ipps_text_lines,990a1cd52256dcd79016d210ef3ea0ca,d5404198168c59c4356f1bf3a29cede166076e884056ed77cc717bd417694786,CMS_IPPS__20260924T173802Z__b337f378d95945a3804cc1d8c8a5485d,names,impact,data,2021,,2021,correction+notice
cms_ipps_text_lines,99bdc9df20877393ff3665c65519cae4,9ede72584b7df661ef00eca5e711f801489bd9bea837707b0d9f3a4d926e6da9,CMS_IPPS__20260924T174629Z__b80d84edfef6401cb402a6db9afd8cdf,names,impact_variable_description,description,2015,,2015,final
cms_ipps_text_lines,9ca7c17b0a190aa5b91ea2dcde234827,21bb9799993f24e5addd847fb6970b5eb45209ecfbcb9132d2a178622b28d461,main-cmi-ipps__20260924T175028Z__5e4945e0dfc1447ead5b5d9bc7d0cacf,names,occmix,data,2026,,2026,unspecified
cms_ipps_text_lines,9d82383a89b3273ccc71c4d98ee33d95,c1182877c22bf01c340ddba76aeb0dc4428d8b9ad3579674c54a22dc2a2cf8b3,main-cmi-ipps__20260924T171042Z__e81eb7b87bab4755a8d043bfded5f567,names,alt_considered_cost_ctr_ccrs_other_factors,data,2022,,2022,proposed
cms_ipps_text_lines,9dba954fbd18f1f8f45b841c43d29b31,b4294580de480961a71421597c13a4597522f60f2c8c174c0b2d47ad06514e5a,main-cmi-ipps__20260924T173442Z__a6a648e0667344ffa92094cd2c1e9947,names,alternative_operating_bn_factors_adjustments,data,2023,,2023,unspecified
cms_ipps_text_lines,a09919d1e53d213bae876193b3aea98e,945940482f132a9a5c05c3bfa82c2830b76884082547f1204edf95bd43845d46,main-cmi-ipps__20260924T173418Z__ec4934faad3345dd803e945fc53be4b5,names,cmis_billed_drgs,data,2023,2020,2020,proposed
cms_ipps_text_lines,a21c882d6bdd82111dd002025adb3d1b,2d3415d390d2744f88b77bc6eabc7899badf0de93d7add477f8cfeccdfb71f24,CMS_IPPS__20260924T175955Z__e39eed9584dc456a8a2d5f17bb8a1c94,names,impact,data,2016,,2016,final
cms_ipps_text_lines,a286fef77e8ae357a01200bb0946bd3d,352f4b1a24d03c0d1c62d932a4c1c4d3947931c7ab3c287a2715e50103f14b78,main-cmi-ipps__20260924T175014Z__e58ef57a4e03433e961ed15ab2b28ef1,names,cmi03,data,2003,,2003,unspecified
cms_ipps_text_lines,a2cffd51764c6cee001944bbdc13ef01,2182bab2469d4fa9b338d9023c48d757c52295b8da298189664e63348b287413,main-cmi-ipps__20260924T171042Z__e81eb7b87bab4755a8d043bfded5f567,names,alternative_considered_cmis_billed_drgs,data,2022,2020,2020,proposed
cms_ipps_text_lines,a377c2736bc6b2ce30b5c58af3f3523f,a1b835ad94d04c69f76bb43dc7b2a721b9655b442e18ebb61b0079c40cfcb5c4,main-cmi-ipps__20260924T173553Z__37eb972aaf3c4ca08edf2a6ad186f740,names,cmis_billed_drgs,data,2022,2019,2019,final
cms_ipps_text_lines,a389bbf18e28a09f88caeaf74c7e230f,f4b0d23dcf87bb8ee08936032fa39ea6c33b12d43333153dbc02fd876ba11877,main-cmi-ipps__20260924T173714Z__be5fd2fe029f4a14bf674d7cde3c680c,override,alternative_considered_ms_drg_relative_weights_los,data,2022,,2022,proposed
cms_ipps_text_lines,a7b8c7f27038af6af9aceafa4f70b998,c14ac23ddd188eab6336da1aa59978a27e516f4020e70bc04957696e1ac5b666,main-cmi-ipps__20260924T175023Z__a0fd3f0400a142f8880c8343a5d21d14,names,cmi02,data,2002,,2002,unspecified
cms_ipps_text_lines,a923085290b985e73bccdf23cf395bc7,c282a322c68fe0908e4bddac19b8e14b0d8022492454b78f1799e6fd6350a46e,main-cmi-ipps__20260924T174737Z__90ca4c3406e2415f9c5479d5d35539ef,names,cmi_billed_drg,data,2014,,2014,final
cms_ipps_text_lines,abc806e889d3c2c8c974dd0cec487428,fa2afb90c011a0df6413b75759ce5676badd2df38897f8b9b604b29f5d85bb85,CMS_IPPS__20260924T174736Z__d886443d604b46d8a69439f8d1ef5bea,names,variable_description_impact,description,2014,,2014,correction+interim+final
cms_ipps_text_lines,ac1a416fd9f946b19037404506d850be,1d067f35358a834c33ab0def39b12bf2d4ba1e6fe878cf6a19c820a16f30494f,CMS_IPPS__20260924T181305Z__c317a87a795d45dc91bca23f5beac53a,names,impact02,data,2002,,2002,unspecified
cms_ipps_text_lines,ace987143adcdfe1e3ada817b44d3b60,6f08d2ef0ac007e88c304393f9b363bc6de887ec23bf797fe05b2348cacd4ad3,main-cmi-ipps__20260924T173750Z__878054b220414e93a10b67f3d6752077,names,alternative_considered_rrc_discharges,data,2022,,2022,proposed
cms_ipps_text_lines,ad8884b9c32b2b2464f5a4afdae4c6a2,affc6dd2e68a75f6bbde87100f7190dd9cc526ba089a4dc237acd7a8350e5e47,CMS_IPPS__20260924T175813Z__f9beb5a14fa64a41b937b18721ca8962,names,impact_variable_description,description,2018,,2018,final
cms_ipps_text_lines,aea15acd0b83cf33a7e177549e504309,a86868417e001a6f0144af39396c8201e486bd81a2921c16d1f5284bae66df6d,main-cmi-ipps__20260924T173643Z__90c450f9205c422d9314e133f1551b72,names,alternative_considered_bn_factors_adjustments_standardized_amt_description,description,2022,,2022,proposed
cms_ipps_text_lines,b0cbb704f0fedfbbc341579e07cb363a,a5bc970aab5a23352831491333bf6fc53b5f228486baab892e025345ecc019de,CMS_IPPS__20260924T181331Z__97a6260cc9da4b98b9e2a09f3ae164c5,names,impact00,data,2000,,2000,unspecified
cms_ipps_text_lines,b33085f8070fe48edd62c28479e7d36c,4a60ec6ff370e374cf193df1b6a2880aea57500394b4ab8288ebbb7219616b81,CMS_IPPS__20260924T173208Z__971b984fa9c1450e87653c95cc8ddadd,names,impact,data,2025,,2025,interim+final
cms_ipps_text_lines,b68d4d9fd7a8c1945a4df47a49f5bfdd,4b656fcd9658819d6c53cfb223c1d316789bfbcf2c8a4680190867b2b1ae0297,CMS_IPPS__20260924T173552Z__85e51b22b2264b958002f51b413fab63,names,impact_variable_descriptions,description,2022,,2022,correction+final
cms_ipps_text_lines,b6d21ff6703239071cdd7a925b9ad207,37d027ae0fff37d5cdd314827b72d7183ab63d4f028753dfc774b0a884f8513f,main-cmi-ipps__20260924T173737Z__a8f80882d6f44fd28744de1ad222d569,names,alterntatives_considered5_wage_index_cbsa,data,2022,,2022,proposed
cms_ipps_text_lines,b6f21b0234197487ca2efad2a36adc55,20350ec5d27d6831825628c890554fbb765a3f1829c9b2cd138d156142ad92aa,main-cmi-ipps__20260924T174925Z__63927ee95eb54b598c75d675dee11a56,names,provider_cmi,data,2010,,2010,final
cms_ipps_text_lines,b96766e5209a7d153f496f581872c2b8,3a5bb251db9eb408d38c7c17479373b563308f08b29048cae2a5033bedc5c4e2,main-cmi-ipps__20260924T175544Z__6be6b6d78c9f470088cfd4ed41c94fab,names,wage_index_alternatives_considered_alt,data,2020,,2020,unspecified
cms_ipps_text_lines,ba42ed5c2d233f97b30df29e0e78b794,ba6c18402f3368f9667c9b2b5e27eb17d0140f63457de5e304735fc3e93e2b36,CMS_IPPS__20260924T173250Z__58d2595f035d4ad2bb17964448e82054,names,impact_variable_descriptions,description,2024,,2024,proposed
cms_ipps_text_lines,bb006a8bcecdae703fc70821fa315bb8,cbad45f234a55ae497ff19379cb6c58479be959c61f7a2429dec93939c026091,CMS_IPPS__20260924T181357Z__a9e5cac716074bb8bfee60300fb029fa,names,impact95,data,1995,,1995,unspecified
cms_ipps_text_lines,bbdf9fef24c79a827c612c34f77c0c4e,93e117638bb779b3425fcabc75b90a40600754daf40f15c94023f57f1c1d0896,CMS_IPPS__20260924T174639Z__64561ab3d5c94a78840d6fadb753e4ea,names,variable_description,description,2015,,2015,proposed
cms_ipps_text_lines,bc1befcdaf615faed4ddc07581308c62,493eec99b7a6235cb22cb9dbf93e67db334d5ac123851c6b97f2710c774341e3,main-cmi-ipps__20260924T173322Z__f6ea19806e40459f86322aaa55d3ad00,names,cmis_billed_drgs,data,2023,2021,2021,final
cms_ipps_text_lines,bc5a7801951e3ba69ae23d5bc48555e5,a98c266bdfd1c95208567ca1527ba28c4e045505ae51c0c0dd56471bd3a20666,main-cmi-ipps__20260924T174954Z__fd33ba5f84244e798b91f0ccb6864211,names,cmis_fn07,data,2007,,2007,final
cms_ipps_text_lines,bf94513dd217ebf4d195a4bc19f8b80f,e1d9a9e951451c15a1ece42cae935ad463881ddde3d0114d4a0dd0efec0fa33e,main-cmi-ipps__20260924T174936Z__c34addcb4bd546df920627d3d894e9e1,names,providercmi,data,2009,,2009,final
cms_ipps_text_lines,c034b8b3fc0a10f484414364fe853cf9,0c1df19563a0c114e80de67b9058e1efe9282495aa2c3d9942052fa85f0e9340,CMS_IPPS__20260924T174705Z__7172b31bd95f4fcba001e755fa68ee48,names,impact_puf2,data,2014,,2014,proposed
cms_ipps_text_lines,c1ef9b75a8853af22b52045651be3fe3,a6189bd1073e2c83821b384ee099aea70a0f34676b76cdd7a28dc15184ae0ae2,CMS_IPPS__20260924T173802Z__b337f378d95945a3804cc1d8c8a5485d,names,impact_variable_descriptions,description,2021,,2021,correction+final
cms_ipps_text_lines,c3ddfbe93d4df0cf61ff16b3f8287df7,1f698f2595cf41302d3bd4a7991641da9cea512a12ae49f1082459ee453913a1,CMS_IPPS__20260924T174908Z__8db83a0e692e4883afcd6395c4c55ab5,names,variable_description,description,2011,,2011,final
cms_ipps_text_lines,c527d2d25325835cf787ffbe35d7bba3,7d91f17b484718168011f81a8364f766aee8879715428c91fad427980ab089cc,CMS_IPPS__20260924T174923Z__89c59f8611b34b3eb574796735dccf2f,names,variable_description,description,2010,,2010,final+notice
cms_ipps_text_lines,c5e6c90324c747041471ff485a98e9dc,525d452f82dc49c8047cc087f352bdbadda7a8d6d3d6d3cad1c6fbc05c380aa5,CMS_IPPS__20260924T174749Z__2822997fbe544ec1b352a235920c97b4,names,impact,data,2013,,2013,proposed
cms_ipps_text_lines,ce6636e05b003716eb17c8640439c4ce,2f814bfe0b1c5e729e9ee844f7533290348f2e28bc6c3f422c76121614761811,CMS_IPPS__20260924T173835Z__994d6320419d473cbc70990d7c7b45a5,names,impact,data,2021,,2021,proposed
cms_ipps_text_lines,cfa97e8f8c19258a386157d2eab29bd8,99e43d4c98ba75a592ee27542090284ba6d30e924d63e5db1923f1fea232da27,main-cmi-ipps__20260924T173756Z__1f3fdf452f5c47a59cf5cf9cb1f2c145,names,alternatives_considered_new_technology_thresholds,data,2022,,2022,proposed
cms_ipps_text_lines,d2c6c423341e608ce5ee4ad4d7cb56dd,51a3ccb57160196c9bbce460276c18ad7f73d7de8f3a6fbad19253228feed834,main-cmi-ipps__20260924T175544Z__6be6b6d78c9f470088cfd4ed41c94fab,names,wage_index_alternatives_considered_information,description,2020,,2020,unspecified
cms_ipps_text_lines,d80435968a4b3e62369383d3e9e4e2a6,9fa5dbfa52f9dad771aa145d205a3c63f4fce8728a1d4298de17996ba7bfbd5d,CMS_IPPS__20260924T174836Z__95553923d1704c059490642a83340752,names,variable_description,description,2012,,2012,final
cms_ipps_text_lines,d8d0bf2bb70ad95735d570cc7da599e3,9c49b1f1cfcbd38a0acd5cff4e95c5368e9dd0f2ff4a0e10d72abcd3041aaffa,main-cmi-ipps__20260924T175544Z__6be6b6d78c9f470088cfd4ed41c94fab,names,wage_index_alternatives_considered_proposal_alt_alt,data,2020,,2020,unspecified
cms_ipps_text_lines,d97a5dd62cdc833f566ac36865251440,bf15efbf12465124a66d032f013b716f359c34f46f338bb845c459c8638a1f0b,CMS_IPPS__20260924T173227Z__722b57db4ab94ee18790e850b16ce9d8,names,impact_variable_descriptions,description,2024,,2024,final
cms_ipps_text_lines,daddf647ca7d51016d437d9edcfb95c9,adc9b16e7a2fda984c66b65a4281ca4579e17fdf4c38c6d63b853af67a905332,main-cmi-ipps__20260924T173528Z__79d78efd54d241df9c3ff5f0a86b1d91,names,alterntatives_considered5_wage_index_cbsa,data,2023,,2023,proposed
cms_ipps_text_lines,db09f71c5146eb5e92614fff37b00140,72eee602e4924eb293952e6a8bafa7bbb5a558be07d289c0545cdb51f0ee23ea,main-cmi-ipps__20260924T174511Z__22ca24d812f842f795317eacf764dd02,names,cmi16_fy14mpr_billed_drgs,data,2016,2014,2014,proposed
cms_ipps_text_lines,dd884d80b6d5b088edd29cc945d8c3a5,91b6310ac4bdd3f12ebf069bfb6779823277e75636a55d42449ff7f9d1084c29,main-cmi-ipps__20260924T173442Z__a6a648e0667344ffa92094cd2c1e9947,names,alternative_standardized_amt,data,2023,,2023,unspecified
cms_ipps_text_lines,deee0a878bf78a78f3d0b051a17c0ca7,f09451b1b1362ddf240afe7ac3de85e5c2b418e4a1d1b1f0b898598b7b485d7f,main-cmi-ipps__20260924T174846Z__861273f3b72c4ec6b718eddddbcba4cc,names,cmi,data,2012,,2012,final
cms_ipps_text_lines,e03019be0ad7add54323752e4baed0b7,cc9137d2d912dd6b8f1705707c2ca934e0ce96bffe260ca1f9cf95d85a392229,CMS_IPPS__20260924T174939Z__4298fe39b19e4505b2e5c5c3e4bdb595,names,impact08_variable_description,description,2008,,2008,final
cms_ipps_text_lines,e079ad8cbbbd589aa122494030a22473,3977a63131ce236952850baecf50222a617d9be1e12582bf5f76e9c880882a4c,CMS_IPPS__20260924T175740Z__d84162b1a51e41b788764befff07f1af,names,impact,data,2018,,2018,proposed
cms_ipps_text_lines,e2ad5f0296ef9d5704ad9d2b0493708a,068d1320c116804e7f3e385d2a86eec15d78588408a3f3cc912123f86f724ead,CMS_IPPS__20260924T173342Z__78f84e2a8d034c82955b7ded1e93f8e0,names,impact_variable_descriptions,description,2023,,2023,proposed
cms_ipps_text_lines,e33d60c1e21f443957b094668a732e7c,f7a4f028093b690c13dc972135772c966474d49a96b3e740992b756ce746733a,CMS_IPPS__20260924T174908Z__8db83a0e692e4883afcd6395c4c55ab5,names,impact,data,2011,,2011,final
cms_ipps_text_lines,e35583468ef489670ad35e50076f8b03,4aa4b17b03c3d66886349dbe41d30834f263efad221b7ee20f4bc3666eeef908,main-cmi-ipps__20260924T175028Z__5e4945e0dfc1447ead5b5d9bc7d0cacf,names,deleted_s,data,2026,,2026,unspecified
cms_ipps_text_lines,e7298983d7c7756967c557af2edda0dd,695432a2cb0aa0099cb37b5936125b9f3c5b0d321edf006b88c8d34ed2acf419,CMS_IPPS__20260924T174736Z__d886443d604b46d8a69439f8d1ef5bea,names,impact,data,2014,,2014,correction+interim+final
cms_ipps_text_lines,e9cd8b7aaadf73993f5b11227d83e498,2cd4ea44d6f6c6392abb158fbf2ee732036c7adde2b1bd541bd14f721fcc97b0,CMS_IPPS__20260924T174850Z__ba0de46da8164f98afe7c4d493251a12,names,impact,data,2011,,2011,proposed
cms_ipps_text_lines,ea7d0e01dbfd60c2f02f575fac53a1ce,c8885e824eba0f67e04e428c3a383b2d6b73a7b2af56bf0b50d037bbef98e844,main-cmi-ipps__20260924T171042Z__e81eb7b87bab4755a8d043bfded5f567,names,alternative_considered_aor,data,2022,,2022,proposed
cms_ipps_text_lines,ebfb05198a650cd414dc530718abc08f,74004b484a5c44eae95e47e626c6a776caa8850782ae90763396a1cd316ce73a,CMS_IPPS__20260924T181354Z__ecb80d074e484f1aa318944f6384b3f0,names,impact96,data,1996,,1996,unspecified
cms_ipps_text_lines,ee6ce15bc0f5e2fa9c6c94ed145174d3,49ad68d91bd812e73800156c518ffc97f32d65d19e7d08cf14f4d45e761c6b30,main-cmi-ipps__20260924T173643Z__90c450f9205c422d9314e133f1551b72,names,alternative_considered_oper_bn_factors_adjustments,data,2022,,2022,proposed
cms_ipps_text_lines,f01142f68240a36b2a22f8d7db2ac1e9,96c9fc5e5d5a06d0b13558a2f1358266b6770d80742b56ce7c040377c3c155bc,CMS_IPPS__20260924T175942Z__769d87ab67cf44a49f45b2a1338fa4fe,names,impact,data,2016,,2016,proposed
cms_ipps_text_lines,f0927aa4333ae5ac3e9f8cc6dbb75261,88751e83be02978dae9418541f6305068bdb3bd05738475fb7c3a3f3f983121a,CMS_IPPS__20260924T173802Z__b337f378d95945a3804cc1d8c8a5485d,names,impact,data,2021,,2021,final
cms_ipps_text_lines,f10901533eef8d30b71660ffaaebc97c,f1bfc0f7702334ae1f66c7070c42a09dbaeb67e65ee83ba207e16fb3431606a3,main-cmi-ipps__20260924T175531Z__88afed82f027441dad2eef16c62671e0,names,cmis_billed_drgs,data,2020,2018,2018,proposed
cms_ipps_text_lines,f21242682ee0c6b384d9319127b97403,d7f389d38a5128bce016f5b83fa6595ba289a8657535271739bf43ecf9252a40,CMS_IPPS__20260924T174926Z__d7eb5c62c1124a79bc905118c793d334,names,impact09,data,2009,,2009,final
cms_ipps_text_lines,f28b53ef516bba5a8eb34bcaccfa397d,934d104aa5ebc1817f60d96ae4e562de169e43982390e7dc43f335b616590b11,main-cmi-ipps__20260924T175028Z__5e4945e0dfc1447ead5b5d9bc7d0cacf,names,s_description,description,2026,,2026,unspecified
cms_ipps_text_lines,f3c73ce33d6ad268f7b75b4c32b2d8e9,c98955fbafdc764d4bc399c3cae9bdf921a454029f9a417e4c1e2f55820af855,main-cmi-ipps__20260924T173648Z__3a3a7bed519742f7870a878777e5974e,names,impact_alternative_considered,data,2022,,2022,proposed
cms_ipps_text_lines,f3e906d146fb63356c41e2c3b500b432,34d9497e94894fef3eb77d9e45e72b789ceb744ddf79876cae553a54f97304fa,CMS_IPPS__20260924T175917Z__9b3514afa14e462ca4e3a2679530313b,names,impact,data,2017,,2017,final
cms_ipps_text_lines,f5762b0ec3ddcf07131ca85f7f64c10d,464312979a5a83132c6ad6297581d8a16916e591e978d20d24908fe7384c6361,main-cmi-ipps__20260924T171042Z__e81eb7b87bab4755a8d043bfded5f567,names,alternative_considered_bor,data,2022,,2022,proposed
cms_ipps_text_lines,f90341a5fac14eb0201b7f3a499f93a7,a3eac81eaee4aa751db1b15b6b6d3079f8830f4d8fa46a70a0ccae019e1727c6,main-cmi-ipps__20260924T175711Z__0c5b77df2f0543cb88ba1b222a8ebf73,names,cmis_billed_drgs,data,2019,2017,2017,proposed
cms_ipps_text_lines,f90f2764481a393ba0be1016b878ec8a,278e925345000cc1aa193c5cb580f8a22d4471f74b7f95086283d58a172c9fca,CMS_IPPS__20260924T173559Z__7fe5823187f24c3abadb5ff5b00abaf1,names,impact,data,2022,,2022,proposed
cms_ipps_text_lines,fc9f4b91ade5a4d869e2f68e9ccb5254,e103d86c718d9d22a277a8ad7bc7c237db0cf9a78cf70b4ad1b903dc62d3c3e7,CMS_IPPS__20260924T174736Z__d886443d604b46d8a69439f8d1ef5bea,names,impact,data,2014,,2014,correction+interim+final
cms_occupational_mix_sheet_rows,02514a50e340c792611597eeac4b0d94,d3617ed182b7836dc0f1320c423f5422a733726582496acc5a419da730af353d,CMS_OCCMIX__20260924T173441Z__bcbb293426c94d0ea2148def3e5f7e18,names,s3andoccmixpuf,data,2023,,2023,proposed
cms_occupational_mix_sheet_rows,045e24f1a53ae3140fa47c213920024f,0cfe3c940b9159a405125a7ddcdcc3a4c1213be1074a5305483789bd5326f79b,CMS_OCCMIX__20260924T174629Z__611f93874420402bbb82d8314a647579,names,provcbsaahw,data,2015,,2015,final
cms_occupational_mix_sheet_rows,0570ece9d85b6c5987201f6f2bc540b2,a316dfa67eeae55ed442af75c0781580254d54278df454e54f5c071e882f2dc0,CMS_OCCMIX__20260924T171118Z__ade28fc1c8e949a28bed6864e7d9a484,names,s3andoccmixpuf,data,2026,,2026,final
cms_occupational_mix_sheet_rows,06042213592dafc99a31410f003e2c1b,77cf77f56ad076d15e69314e8367e1ced571a83ebecc381b440aee8bd64037a9,CMS_OCCMIX__20260924T175937Z__c676a40964ce48d880862390e3dcc187,names,s3_occmix,data,2017,,2017,final
cms_occupational_mix_sheet_rows,0620ce45f18db139658bdebf266843d0,3e3f3e5ac78c88dad6eeb3e81e53ba7e006be26d3a04b9f42a6873723ea27545,CMS_OCCMIX__20260924T175835Z__8fe7f5009a874aba9bb97b63d89d6a3a,names,s3_occmix,data,2018,,2018,final
cms_occupational_mix_sheet_rows,080753c9972d507c95ea37f3edb08b87,804b7d501e3db14cf099ddd2d208cf684cb46b7815449d22707737507077a7ea,CMS_OCCMIX__20260924T175937Z__c676a40964ce48d880862390e3dcc187,names,provcbsaahw,data,2017,,2017,final
cms_occupational_mix_sheet_rows,0b0d9190f8ca82f25ad69731e05dfba3,66e7b63e8214d908a0846988abe1eae27f2156e8b4124acfebc06592dffa813c,CMS_OCCMIX__20260924T174629Z__611f93874420402bbb82d8314a647579,names,cbsaoccmix_nooccmix,data,2015,,2015,final
cms_occupational_mix_sheet_rows,0bbeaa0ac5665cd23b532b32bbe21dbb,b24b9903e300838962f8dab15c6a8b4672498d9776972a598a73f68298be7e93,CMS_OCCMIX__20260924T173633Z__65799ca9f6034c0ebe1b3819bfdef820,names,proposedrulepuf_cbsaoccmix_nooccmix,data,2022,,2022,proposed
cms_occupational_mix_sheet_rows,0defd39aeb78afda0b3a89cbab019e72,cc056b79b15b531934abfa4cdd4c1f191a994fe8af6be4972ee1da5a2790249b,CMS_OCCMIX__20260924T174629Z__611f93874420402bbb82d8314a647579,names,ahw_provider_area_listing,data,2015,,2015,final
cms_occupational_mix_sheet_rows,12959db62292ec85d53acccec5b75216,2321210d63d72bf922405bb42a1b571596b4a2200c27e265a25d67c22740257b,CMS_OCCMIX__20260924T173633Z__65799ca9f6034c0ebe1b3819bfdef820,names,proposedrulepuf_provoccmix,data,2022,,2022,proposed
cms_occupational_mix_sheet_rows,129afec69b5c03f21a3fbae4dea6491e,a9e5d019f72d56b8526a73b6f1b822cd12fb159add79f3f845504e4a7114bcfb,CMS_OCCMIX__20260924T174629Z__611f93874420402bbb82d8314a647579,names,s3_occmix,data,2015,,2015,final
cms_occupational_mix_sheet_rows,17b632ecdbccd8316a891de0312f735b,424014fbc0990fbd901e317f22507c7b4bcec1948aebe89146a3e31f0f80408b,CMS_OCCMIX__20260924T175949Z__3c8423bedd6e455ab4ba118fa10fd8a5,names,s3_occmix,data,2016,,2016,proposed
cms_occupational_mix_sheet_rows,18885e295213102f4aac215a42713dc1,de76e2aedbde92dc9a68480e1c4133fcdb0fe43e76e6d5de00735eb6fb2def56,CMS_OCCMIX__20260924T175730Z__084be9485a1f43d7a530a2b387f6e5de,names,ahw_provider_area_listing,data,2019,,2019,proposed
cms_occupational_mix_sheet_rows,1e1b28ed4e43c3bf64bd069d2b2f87b6,617fcb692e6d6f5ea0c6f893836d7dcdd94ac4ee63a8e3d8d1e7732ccf48e5ee,CMS_OCCMIX__20260924T175809Z__7571eee06f0b4f2b91c34c47dc081cfb,names,s3_occmix,data,2018,,2018,proposed
cms_occupational_mix_sheet_rows,1e760f80aeb7c4c253baa4179fecfe1e,172d5b1dc539164900d64b3c252a264f12ab539cb6c4a0d981d2d8d021c514a5,CMS_OCCMIX__20260924T175023Z__5a48447f42d24462a458624b91a84932,names,s3,data,2026,,2026,proposed
cms_occupational_mix_sheet_rows,1f126f2f47533f9463c5303f4023ac1c,562ee253787d79da150c3fc3200c6a1e02519f22d5001eb99466c46cb88d2c66,CMS_OCCMIX__20260924T175657Z__4501b4d64b414b5c9000135f9a1111e4,names,provoccmix,data,2019,,2019,final
cms_occupational_mix_sheet_rows,21c883fdf0fb827993a20d33eea29e7e,dae88f4bef9e0a69b8b2624483e5215c3842f25254d514a848c99e3742b8c7c7,CMS_OCCMIX__20260924T171118Z__ade28fc1c8e949a28bed6864e7d9a484,names,cbsaoccmix_nooccmix,data,2026,,2026,final
cms_occupational_mix_sheet_rows,21eb4896225b696b01f795d0817308af,2b5392294092cffa0b9f47e9b58da07e698214a0cc3b1f38f567266403d3f9f3,CMS_OCCMIX__20260924T173225Z__bce6a323579549b9b6e371e3cbbfc8de,names,ahw_provider_area_listing,data,2025,,2025,proposed
cms_occupational_mix_sheet_rows,25fac0f8c727b3fab202cd7c2fac7ea7,3125ba369b1f548e20cc892550d4b31ea140bed87f137d9c989dca3561f13c08,CMS_OCCMIX__20260924T175037Z__4704f0057fd244cb8d6aa8f6afcc1a01,names,nprm26_s3andoccmixpuf,data,2026,,2026,proposed
cms_occupational_mix_sheet_rows,28df74de8e597a60e767692b8e9702bd,58eb27d21ec5463abe7b3e7f6001363e073fea33af30ff05f148d68e6301f565,CMS_OCCMIX__20260924T174629Z__611f93874420402bbb82d8314a647579,names,provoccmix,data,2015,,2015,final
cms_occupational_mix_sheet_rows,29f98649e9022f28d4ce4f19bb1142a6,a030cb98af6f73f1a971e7b16a924250f9e804431d6bdcf26f86e3f825244dcb,CMS_OCCMIX__20260924T173342Z__90a5f11402a3482a85334ec241dd91ef,names,provcbsaahw,data,2023,,2023,final
cms_occupational_mix_sheet_rows,2e32288400e3c034293fb9824aa72832,814efc6b90d684f4cf2dd4b02e323045d037fd443d5ae35441c7d9951f109fbd,CMS_OCCMIX__20260924T173633Z__65799ca9f6034c0ebe1b3819bfdef820,names,proposedrulepuf_ahw_provider_area_listing,data,2022,,2022,proposed
cms_occupational_mix_sheet_rows,31e3efac78410e74ef0e8ea4fb0275a8,8ff2d537e81e177ee6c0d5160ba503d549f75acad5eba2f61b16b7b803531530,CMS_OCCMIX__20260924T175902Z__465589bea72749c29f219f14a506931e,names,ahw_provider_area_listing,data,2017,,2017,proposed
cms_occupational_mix_sheet_rows,325bc8bdd61119da5664168fbae4e973,36510467e5373df97834cc3b5a4c0fc2ebf4f34a70154ee39761023656f3be51,CMS_OCCMIX__20260924T174656Z__7dcc1976372a45faa97babbbde118b70,names,ahw_provider_area_listing,data,2015,,2015,proposed
cms_occupational_mix_sheet_rows,330415a29c307e58aeff34af9ceabea9,dc62fb8ad44a50ff0de09b877ad5c4fb6021038fc1ff5019bf464c0345f5427f,CMS_OCCMIX__20260924T175835Z__8fe7f5009a874aba9bb97b63d89d6a3a,names,s3_occmix,data,2018,,2018,correction
cms_occupational_mix_sheet_rows,388b16738976cbbb10f9f1b6f8b601c8,c367dfa161bbdbd490349835f4990b8d743d9e8c02578cc3a2afb8e9fc01982c,CMS_OCCMIX__20260924T175937Z__c676a40964ce48d880862390e3dcc187,names,ahw_provider_area_listing_072616ml,data,2017,,2017,final
cms_occupational_mix_sheet_rows,39c1bfe6755f8a9e4855bf53e5e07253,606028d6ec11bb07239a237a6c9b8cc1acd6ab135832d53122a70f057a34b296,CMS_OCCMIX__20260924T175533Z__c19dfcd9308c49e595bb53311330eff9,names,provoccmix,data,2020,,2020,proposed
cms_occupational_mix_sheet_rows,3a22df6684ebe490740622ba10b66b59,65437117ec2359fbd5c3b611558de35a68eee5a92d39e3ad34ee9ef88f938500,CMS_OCCMIX__20260924T175533Z__c19dfcd9308c49e595bb53311330eff9,names,ahw_provider_area_listing,data,2020,,2020,proposed
cms_occupational_mix_sheet_rows,3c0c32fa62396737c27145e90379c7bc,91a286788d6136723748b6bd848ff98bd6c44fb5ef8f78b65059d22350e8e1b9,CMS_OCCMIX__20260924T175730Z__084be9485a1f43d7a530a2b387f6e5de,names,s3_occmix,data,2019,,2019,proposed
cms_occupational_mix_sheet_rows,3cca25268b0d3be044ff9b54e679ca75,4d751d2cb791ac37b69a7aab6f608adb0743d3e59e8431a833ab40ede4d70ca4,CMS_OCCMIX__20260924T171030Z__3f6386bc25934b988ab52e59b87dfeba,names,provoccmix,data,2022,,2022,final
cms_occupational_mix_sheet_rows,3d82e2f9afa092d0816230ed8fdb7ba0,9186095c5c958a57ea4fd9abc52b048b50bf8a01d69c57566ed64ee2be29815c,CMS_OCCMIX__20260924T174727Z__bee8822977ab4349a25c227236d84f59,names,test9mc040513,data,2014,,2014,proposed
cms_occupational_mix_sheet_rows,410cbbd998b077e16768d322a0c61285,1b51ae4db38dde27ed5a4aff454355e2a41efe1fa587a173157fde35f6f20df0,CMS_OCCMIX__20260924T173813Z__61da41b60317421e8c5c047ecf820ede,names,cbsaoccmix_nooccmix,data,2021,,2021,final
cms_occupational_mix_sheet_rows,41913fe6f9ba302e781da4f93175a691,6d25974815cf9efc0117de1d4e940ff00a2a18a1803f49926fa4284fdfae4066,CMS_OCCMIX__20260924T175730Z__084be9485a1f43d7a530a2b387f6e5de,names,provcbsaahw,data,2019,,2019,proposed
cms_occupational_mix_sheet_rows,4234e94876da8801de9c5ccc1b5ac5eb,4d8c52df82d968e783c13277e67f7b6cf8bc1fd49fe40cdabe1419288a68e4ae,CMS_OCCMIX__20260924T173441Z__bcbb293426c94d0ea2148def3e5f7e18,names,cbsaoccmix_nooccmix,data,2023,,2023,proposed
cms_occupational_mix_sheet_rows,44e11ebe8ff7ae12c14677add0daf609,6d347a6d8af8c6e5c905c909657a17709bbdb90e0eff411fafe4d0932e1a7502,CMS_OCCMIX__20260924T174656Z__7dcc1976372a45faa97babbbde118b70,names,provcbsaahw,data,2015,,2015,proposed
cms_occupational_mix_sheet_rows,4532373f63ca7cfbf22905b56c5d3f23,00f633c5f8152b8ea3798a7993581783635f39b09d14bba2a25aafe03ef89478,CMS_OCCMIX__20260924T173342Z__90a5f11402a3482a85334ec241dd91ef,names,cbsaoccmix_nooccmix,data,2023,,2023,final
cms_occupational_mix_sheet_rows,47ea2b9f792311b82ca854521c3074fb,6f5940be75dcd8e4e92e71e85ed09494e1bac431370ee645e422e65d5e8a6640,CMS_OCCMIX__20260924T173244Z__49e30e16b68d401385b2bea88276bf0b,names,ahw_provider_area_listing,data,2024,,2024,correction+final
cms_occupational_mix_sheet_rows,4a7af377e54733161f2ac0c89e95f470,1fe363934bb44897f4c0c02085082b5c2eba1e4a12ae65f8d9634ddb5a57f85f,CMS_OCCMIX__20260924T175949Z__3c8423bedd6e455ab4ba118fa10fd8a5,names,cbsaoccmix_nooccmix,data,2016,,2016,proposed
cms_occupational_mix_sheet_rows,4c8b217496f6f6cd0f8c154a811cfe75,2a4c14f6019ab497e3685f2c24f7be52987c1bcf2cc259941d3a1231ad1b6f1e,CMS_OCCMIX__20260924T175657Z__4501b4d64b414b5c9000135f9a1111e4,names,provoccmix,data,2019,,2019,correction
cms_occupational_mix_sheet_rows,501b942fc3b3eb5ecfb317e120851119,d22445f7a0cc67dad4c511dc9461d68a6c4f6c25da3e61be195fa0811909a6ad,CMS_OCCMIX__20260924T173913Z__21e5e7fb44ba4954b1896a60857d0a21,names,ahw_provider_area_listing,data,2020,,2020,correction
cms_occupational_mix_sheet_rows,51e94eb184e228c9579114644fb84f5c,a24cd0fee968f65a61d7fc4806c85e4f3ac91635010ae22e80e5011b1ba067a5,CMS_OCCMIX__20260924T173441Z__bcbb293426c94d0ea2148def3e5f7e18,names,provoccmix,data,2023,,2023,proposed
cms_occupational_mix_sheet_rows,54bd1ec6a6bcd8bed5dd4331a996c6bf,79cd00537eca7962e1b6e9d962eebca3ac9381f303be9c0ac3355d522225862e,CMS_OCCMIX__20260924T173913Z__21e5e7fb44ba4954b1896a60857d0a21,names,s3_occmix,data,2020,,2020,final
cms_occupational_mix_sheet_rows,54d2d6d0e533789b72d85d0072043975,a11fad67d91900e42974c12471a93239e389ac1b850c603f915f817d2d44f3ec,CMS_OCCMIX__20260924T173342Z__90a5f11402a3482a85334ec241dd91ef,names,ahw_provider_area_listing,data,2023,,2023,final
cms_occupational_mix_sheet_rows,57236510ba8bea504b310acb026d96aa,c3db8a3d6c8235571a14b25c812271bba20ce6403299ab2f56deb961a6a60b4c,CMS_OCCMIX__20260924T173244Z__49e30e16b68d401385b2bea88276bf0b,names,provoccmix,data,2024,,2024,correction+final
cms_occupational_mix_sheet_rows,59d97073f2001a1fbe9f49b57b959a7f,fed3a2091d8b8c9ec8e1c83c1c975f7c663fed6c34b943750327911a2b82f14e,CMS_OCCMIX__20260924T173244Z__49e30e16b68d401385b2bea88276bf0b,names,s3andoccmixpuf,data,2024,,2024,correction+final
cms_occupational_mix_sheet_rows,5b057e6b9c3a62ab90f8f51023b1832f,08587acb105405dd54f2d46da9f4fc28c5ae7998e836f096d497d0f3ad5544ab,CMS_OCCMIX__20260924T175902Z__465589bea72749c29f219f14a506931e,names,s3_occmix,data,2017,,2017,proposed
cms_occupational_mix_sheet_rows,616c616421a76d0200398be52b4d32b6,0656413d503b72052b365ec7d49712b8e324e16ff4d4f3e80e5144125050bd13,CMS_OCCMIX__20260924T173913Z__21e5e7fb44ba4954b1896a60857d0a21,names,ahw_provider_area_listing,data,2020,,2020,final
cms_occupational_mix_sheet_rows,616d4c14d93bd9e6b3430f756db0e1f0,51a1e88f6294a53340f762cec95ac03bd0bdff7e92bdf7e3edd0a274e517faea,CMS_OCCMIX__20260924T173342Z__90a5f11402a3482a85334ec241dd91ef,names,provoccmix,data,2023,,2023,final
cms_occupational_mix_sheet_rows,640da490eae44a9699debfda298a3942,68efad9ca5effb3e5770ad886bacb66bf0f0822d2517f21f80fc1e2c99c396ec,CMS_OCCMIX__20260924T174727Z__bee8822977ab4349a25c227236d84f59,names,cbsa_om_noom040513,data,2014,,2014,proposed
cms_occupational_mix_sheet_rows,65913cfef483a3a0c9bd7f5274f80942,b019444d2653de68b18ff4252666cf4a80d07defd78b97c0f1036aad2ad14c68,CMS_OCCMIX__20260924T174727Z__bee8822977ab4349a25c227236d84f59,names,provcbsaahw040513,data,2014,,2014,proposed
cms_occupational_mix_sheet_rows,666c20d05fe0f678deac73a75936305f,563be71b0f99a9ea9d747414f43c999fcb5217de7120775929a3a358813b8b18,CMS_OCCMIX__20260924T175835Z__8fe7f5009a874aba9bb97b63d89d6a3a,names,ahw_provider_area_listing,data,2018,,2018,correction
cms_occupational_mix_sheet_rows,69ce3156857de4d5d2825181086ce447,7c066cdbb9ab46f6cb228ad542772a0c6e775f483e69a0c5e5864b613bee9e04,CMS_OCCMIX__20260924T173244Z__49e30e16b68d401385b2bea88276bf0b,names,provcbsaahw,data,2024,,2024,correction+final
cms_occupational_mix_sheet_rows,6a933c7ffabfa35bc54d393d37879bd3,4ce8ee25330352a07f3bd80a7b78c94d8843c6d0a42afe2992b31bacac6f6020,CMS_OCCMIX__20260924T173913Z__21e5e7fb44ba4954b1896a60857d0a21,names,cbsaoccmix_nooccmix,data,2020,,2020,final
cms_occupational_mix_sheet_rows,6fb382c75f853688888ce00ca421d52e,2bdc2ce04fe6bad434650a97dc7753732f5759c7c4f4868ebdb4ae3f568077b7,CMS_OCCMIX__20260924T175657Z__4501b4d64b414b5c9000135f9a1111e4,names,s3_occmix,data,2019,,2019,correction
cms_occupational_mix_sheet_rows,6fde3bee49b277ae6acde51d8b411d87,91f6905433a8af42897888cff114e7a30c792edef779c79169d857f78dfe9330,CMS_OCCMIX__20260924T171030Z__3f6386bc25934b988ab52e59b87dfeba,names,provcbsaahw,data,2022,,2022,final
cms_occupational_mix_sheet_rows,70a72b270e41f569689e5839556c6f36,ad4a8e588c6d1363f625ead755818579dacdc5aa766c3b6f886874d618634192,CMS_OCCMIX__20260924T175835Z__8fe7f5009a874aba9bb97b63d89d6a3a,names,provcbsaahw,data,2018,,2018,correction
cms_occupational_mix_sheet_rows,76137ad662a45c180eae44c3279fa1c9,7659652379c100efe5f395869c375d54961644d3d7254e61a8767c2edc2b8357,CMS_OCCMIX__20260924T175657Z__4501b4d64b414b5c9000135f9a1111e4,names,provcbsaahw,data,2019,,2019,correction
cms_occupational_mix_sheet_rows,783d11a66dac4d0fcb07d1d3b81e975d,100cdb9d1d74dee87b561f2e7f73f954ea979531d1e2f7980de7bed5fd65ca1a,CMS_OCCMIX__20260924T173813Z__61da41b60317421e8c5c047ecf820ede,names,provoccmix,data,2021,,2021,final
cms_occupational_mix_sheet_rows,78f8799d0af0ea978521ace48d63551b,35c31e8a5d856422e5f2a612afc6942cd200c8b2754f50bebf8e19b72bee4ac5,CMS_OCCMIX__20260924T173813Z__61da41b60317421e8c5c047ecf820ede,names,ahw_provider_area_listing,data,2021,,2021,correction+final
cms_occupational_mix_sheet_rows,7906e43f4ea7b9001efb5f125c2bc1c9,20151735162efcf8a0ad084fc1b412fd7070fee224e7d940f8da47a8b88db79c,CMS_OCCMIX__20260924T173244Z__49e30e16b68d401385b2bea88276bf0b,names,provoccmix,data,2024,,2024,final
cms_occupational_mix_sheet_rows,7b476954303bc2c35750391c3d5f0c45,bd8646ee2304054bd9479725081a3f403ce5eed0a8f9baafdf8ed20389a366fc,CMS_OCCMIX__20260924T175533Z__c19dfcd9308c49e595bb53311330eff9,names,cbsaoccmix_nooccmix,data,2020,,2020,proposed
cms_occupational_mix_sheet_rows,7c99cb884997794017532156fd18b2ee,df93a4cc409d77a0428b3932ddc740b2e277d7dfe2cad892b2b98ffd1f4443d6,CMS_OCCMIX__20260924T173441Z__bcbb293426c94d0ea2148def3e5f7e18,names,provcbsaahw,data,2023,,2023,proposed
cms_occupational_mix_sheet_rows,7cf096c5423bb4ace756794e5d23a52a,642d28ef76f6d2a4b2ea02b303b321ba8bce870d18e8004e6902f8ce362333c1,CMS_OCCMIX__20260924T175949Z__3c8423bedd6e455ab4ba118fa10fd8a5,names,provcbsaahw,data,2016,,2016,proposed
cms_occupational_mix_sheet_rows,7ec6f669f9bd658fa469d041154fe004,c22f0d3a4ed12f403a351cdde7aa0b05c7b5407d6ffbe6606b2f82bb4e9c1837,CMS_OCCMIX__20260924T175657Z__4501b4d64b414b5c9000135f9a1111e4,names,ahw_provider_area_listing,data,2019,,2019,correction
cms_occupational_mix_sheet_rows,80504d170515229a15455a41a9bd5dc6,eea57e767faaa597725ec80805bab3f5a8fd807edef6c26aa588fa010f63ccdf,CMS_OCCMIX__20260924T173913Z__21e5e7fb44ba4954b1896a60857d0a21,names,provcbsaahw,data,2020,,2020,final
cms_occupational_mix_sheet_rows,80fed8dd6f892d97806d03c3a10ee841,07d97ea6c4133feecb5a6d5b5bbdc2e46d6bbb7a88f38f69d68a6587e527a05e,CMS_OCCMIX__20260924T175835Z__8fe7f5009a874aba9bb97b63d89d6a3a,names,ahw_provider_area_listing072717,data,2018,,2018,final
cms_occupational_mix_sheet_rows,835203ceb5706c52dc2d240bc7a05b61,62fd7c713da16fbc5805e5d89062f75661f7caed8c5f1d5833827ce51d637dac,CMS_OCCMIX__20260924T175902Z__465589bea72749c29f219f14a506931e,names,provcbsaahw,data,2017,,2017,proposed
cms_occupational_mix_sheet_rows,84cac80e0ad9093c07341623bdc63551,80ce50c3399e651609f3708d7a8052f9b26f00558925296576f00a7f9f0eca1d,CMS_OCCMIX__20260924T175902Z__465589bea72749c29f219f14a506931e,names,cbsaoccmix_nooccmix,data,2017,,2017,proposed
cms_occupational_mix_sheet_rows,863a5aa0cce95ec472efa4888e28c56e,27ebd9f466628c0fe1ac1e973d3740bf91774fe1dd59b6fa8315e01456c43078,CMS_OCCMIX__20260924T173342Z__90a5f11402a3482a85334ec241dd91ef,names,s3andoccmixpuf,data,2023,,2023,final
cms_occupational_mix_sheet_rows,871cbef3c07040d3f4cde43e0ace659f,0e7d1270ad035e640d79655d74ca3a69b87e629a0d87a3835b795fd7dfd04180,CMS_OCCMIX__20260924T173225Z__bce6a323579549b9b6e371e3cbbfc8de,names,s3andoccmixpuf,data,2025,,2025,proposed
cms_occupational_mix_sheet_rows,887b6cfb631dca3880d7d4d316ca82b9,3afda6483aaa37889a57f0ed7122c7e37ab816afaef2632214f1016e727118cc,CMS_OCCMIX__20260924T171030Z__3f6386bc25934b988ab52e59b87dfeba,names,provcbsaahw,data,2022,,2022,correction
cms_occupational_mix_sheet_rows,8b73fee7e06759dfe77f48300c2e3e16,c1533825904210a49f1f30d46700cb58191f12ea3ddac3458554cd2c1dd89fbe,CMS_OCCMIX__20260924T175835Z__8fe7f5009a874aba9bb97b63d89d6a3a,names,provoccmix,data,2018,,2018,final
cms_occupational_mix_sheet_rows,8be69dad3295a8981891fa3faae02028,ffab7a4acbc4f5531a671f5c2a862abeeff652cceea48c7505f17d803bb2b704,CMS_OCCMIX__20260924T175949Z__3c8423bedd6e455ab4ba118fa10fd8a5,names,ahw_provider_area_listing,data,2016,,2016,proposed
cms_occupational_mix_sheet_rows,8c46ace8796b0ad96a057062f81a59cb,f9d98c3a213ae6b6a6717d32a530b6c5f8bf5fe0f31b2ff3d3e55bdb681ab13d,CMS_OCCMIX__20260924T175835Z__8fe7f5009a874aba9bb97b63d89d6a3a,names,cbsaoccmix_nooccmix,data,2018,,2018,final
cms_occupational_mix_sheet_rows,95127f6641b8b6af4bb21b637a89359f,54cdd50c6c5417393732e894891bd24a42b136a38d655bd2ed19f5125375bbfd,CMS_OCCMIX__20260924T175657Z__4501b4d64b414b5c9000135f9a1111e4,names,cbsaoccmix_nooccmix,data,2019,,2019,correction
cms_occupational_mix_sheet_rows,9a73dfb5a277f478934f3a8f0065bdd9,f0547227843b9db93f236fc079d72e545bab5bcb1a356975e4df4e4dc6e31675,CMS_OCCMIX__20260924T174656Z__7dcc1976372a45faa97babbbde118b70,names,s3_occmix,data,2015,,2015,proposed
cms_occupational_mix_sheet_rows,9b573ffdb115186ab651637bda0d1f89,a52a99fd666c2485a65107214035a6763ca7d59075e2ee1c38ebaf1be234d0f9,CMS_OCCMIX__20260924T173813Z__61da41b60317421e8c5c047ecf820ede,names,s3_occmix,data,2021,,2021,final
cms_occupational_mix_sheet_rows,9cdfbe7ef9e153089f1d6448805d20fd,8ced8e7def244e08de1698601b17310d4094449fd84abf0818a6aead5b17f6ea,CMS_OCCMIX__20260924T175533Z__c19dfcd9308c49e595bb53311330eff9,names,provcbsaahw,data,2020,,2020,proposed
cms_occupational_mix_sheet_rows,9d37d560e14db2cec5bf2222e69a394d,6c8827b9040ea0de95e2b3a56132678094b730d7ace49778e32c6a89abce8be7,CMS_OCCMIX__20260924T174629Z__611f93874420402bbb82d8314a647579,names,puerto_rico_ahws_new_cbsas,data,2015,,2015,final
cms_occupational_mix_sheet_rows,9d874d29cefeb68e20a1c226105194d6,866abf1bc9f7e6f6179e3814485d4a7965e4d455e006b4ca8e4e398c8ae54f37,CMS_OCCMIX__20260924T171030Z__3f6386bc25934b988ab52e59b87dfeba,names,s3_occmix,data,2022,,2022,final
cms_occupational_mix_sheet_rows,a362e73bbb1601b096558faaa9634f72,7ae74bdb543b898343110118b0dea99937e6bd15d5c3c9ee963acb6be825a00e,CMS_OCCMIX__20260924T175533Z__c19dfcd9308c49e595bb53311330eff9,names,s3_occmix,data,2020,,2020,proposed
cms_occupational_mix_sheet_rows,a627ae25245c435193957a11ffdd0397,05cc2e4e3874a0f9677b81de1e4a615a9cd786f00ebed9fef899e55d583ea913,CMS_OCCMIX__20260924T175835Z__8fe7f5009a874aba9bb97b63d89d6a3a,names,cbsaoccmix_nooccmix,data,2018,,2018,correction
cms_occupational_mix_sheet_rows,a7f85dd850cedf6c6e5cb811941bf89e,fab108dd3c3e1c72ffc5d042774e53ecd7823ae9a2fea308358e9f2817d1d281,CMS_OCCMIX__20260924T173633Z__65799ca9f6034c0ebe1b3819bfdef820,names,s3_occmix_proposedrule,data,2022,,2022,proposed
cms_occupational_mix_sheet_rows,a953f93feb8c3df51faedc34a672ac5b,7b91fca4ed91e82c3fa38a1501c10e7b2722852f2121e6c472fba7a1ff8938d9,CMS_OCCMIX__20260924T171030Z__3f6386bc25934b988ab52e59b87dfeba,names,cbsaoccmix_nooccmix,data,2022,,2022,final
cms_occupational_mix_sheet_rows,aad80d4ebe0f7e6e8fa1df8bbcf4f0c0,e69c1bac5db288e6eeb75528cae1f692edd791932254541fa220167581e62bc9,CMS_OCCMIX__20260924T175051Z__1ad596700d2240648aa2a56b579af0b1,names,s3andoccmixpuf,data,2026,,2026,unspecified
cms_occupational_mix_sheet_rows,ac16344dff4964cc8d4bd53e132fa805,c1090342c56fa0695c0e4d750083094f83ca344d9c07122b51ac52f333e72696,CMS_OCCMIX__20260924T175835Z__8fe7f5009a874aba9bb97b63d89d6a3a,names,provoccmix,data,2018,,2018,correction
cms_occupational_mix_sheet_rows,ac97b6e0793d0b71f7d5951e740e7bf8,bf1be3a1f08c45cbd9eb9f39a07d4de97f000d6e5425dac272c0ccc4fe800eae,CMS_OCCMIX__20260924T175809Z__7571eee06f0b4f2b91c34c47dc081cfb,names,provcbsaahw,data,2018,,2018,proposed
cms_occupational_mix_sheet_rows,ae4ce3e4988a2b8c4f43c7154d61b877,d97ad61f9e062d19dcd32bdf8a256ceb781309ec8a62af1ecb0c730ad1afe224,CMS_OCCMIX__20260924T171118Z__ade28fc1c8e949a28bed6864e7d9a484,names,provoccmix,data,2026,,2026,final
cms_occupational_mix_sheet_rows,b156c61b0344dcd4287c408367fa18d0,0818ad003b034ffa9850861a8a2fa3692493ccc801458984aed7372b6aa9b26f,CMS_OCCMIX__20260924T175835Z__8fe7f5009a874aba9bb97b63d89d6a3a,names,provcbsaahw,data,2018,,2018,final
cms_occupational_mix_sheet_rows,bdd27479336b0a19c2ccf7d0a633e199,52ba4f7be529a73a25e72adb65da9814d89eaa64d57bfb6a25c18cac0995e1b4,CMS_OCCMIX__20260924T175037Z__4704f0057fd244cb8d6aa8f6afcc1a01,names,nprm26_ahw_provider_area_listing,data,2026,,2026,proposed
cms_occupational_mix_sheet_rows,c148ed61a8e9a7901f2a661448ddb231,c06588bf91321302680715fe87aace7a85b96787be4b79b9a55b525f3fe7a8b6,CMS_OCCMIX__20260924T173244Z__49e30e16b68d401385b2bea88276bf0b,names,ahw_provider_area_listing,data,2024,,2024,final
cms_occupational_mix_sheet_rows,c409f3840fa3ebbd27a4e2aee7d03798,da7a319d0bb0682955fa92eb314c56c8c0be54307b0e12006202049f4cdb5355,CMS_OCCMIX__20260924T173633Z__65799ca9f6034c0ebe1b3819bfdef820,names,proposedrulepuf_provcbsaahw,data,2022,,2022,proposed
cms_occupational_mix_sheet_rows,c4f4bcfcb9d8f63052050140eb1474aa,57d9457c2b178068bb2be1ee16b2aeb922b3e26de5f3fc2d7f32e01bba990ad8,CMS_OCCMIX__20260924T175037Z__4704f0057fd244cb8d6aa8f6afcc1a01,names,provoccmix,data,2026,,2026,proposed
cms_occupational_mix_sheet_rows,c8c528c2c548e4df9140731f69cf4b62,8e2f941ea7841094c8ce0b7707f7a7c7156c81ffeda38c170acb6ad39bdb4964,CMS_OCCMIX__20260924T174727Z__bee8822977ab4349a25c227236d84f59,names,provcbsawith_wo_om040513,data,2014,,2014,proposed
cms_occupational_mix_sheet_rows,ca2464559113d461c5cc692264ceb2c1,3edba6cf9cb0863bb2067ceb76ddcb1558fd1c3a9a7a896416f56f4e9fc23bd2,CMS_OCCMIX__20260924T175937Z__c676a40964ce48d880862390e3dcc187,names,cbsaoccmix_nooccmix,data,2017,,2017,final
cms_occupational_mix_sheet_rows,cbff4c1c4126f1f19ff506c5cc2e3e35,8528ef184e04a9c397f420653af00d8526a8742346f62626f7160448f56c6b94,CMS_OCCMIX__20260924T175949Z__3c8423bedd6e455ab4ba118fa10fd8a5,names,puerto_rico_ahws,data,2016,,2016,proposed
cms_occupational_mix_sheet_rows,cc82b34a1a405439881ccb564f869088,d098cf508014a2e55fdd7adebcc8c816a837f8f0b43969ba4830f58f05144cd7,CMS_OCCMIX__20260924T173244Z__49e30e16b68d401385b2bea88276bf0b,names,cbsaoccmix_nooccmix,data,2024,,2024,final
cms_occupational_mix_sheet_rows,cccafb594658ac4101cfa1e8042bad24,5b0fe0662bfe7a9105718274f33bffaedf654172f64f63722fc1bff99f1087ae,CMS_OCCMIX__20260924T175809Z__7571eee06f0b4f2b91c34c47dc081cfb,names,cbsaoccmix_nooccmix,data,2018,,2018,proposed
cms_occupational_mix_sheet_rows,cdaab361df19eb0660d56f3185ce1118,91592306e5e42b54848edf6836d77802b7fb4e683b102569c99e399261551bbf,CMS_OCCMIX__20260924T174656Z__7dcc1976372a45faa97babbbde118b70,names,cbsaoccmix_nooccmix,data,2015,,2015,proposed
cms_occupational_mix_sheet_rows,cfe2e2a0ef34e795590434e6d92192c8,e112dedbde983bf59ec2d53f390f4890d246a416164560d41460b6080736c766,CMS_OCCMIX__20260924T175657Z__4501b4d64b414b5c9000135f9a1111e4,names,ahw_provider_area_listing,data,2019,,2019,final
cms_occupational_mix_sheet_rows,d12dd888b3abc5114186751001f2e70b,9810f433387ac2a3af6f3a8eba33c750b8429b9b86d260bd8664fb787fd4ec01,CMS_OCCMIX__20260924T171030Z__3f6386bc25934b988ab52e59b87dfeba,names,ahw_provider_area_listing,data,2022,,2022,final
cms_occupational_mix_sheet_rows,d262b3eb749c341acdfe378e62f727a2,a7e3811f32b3f5c14eddaa22dc3365b9e1e9d0d155407a7c573c403c5306ce51,CMS_OCCMIX__20260924T171030Z__3f6386bc25934b988ab52e59b87dfeba,names,provoccmix,data,2022,,2022,correction
cms_occupational_mix_sheet_rows,d2825d0259cd0bee97e3add389503ee8,3ebda13b83bbc7b4436bfc4f3bb925bff5542f61930ee257ce54ef80ae96690c,CMS_OCCMIX__20260924T171030Z__3f6386bc25934b988ab52e59b87dfeba,names,cbsaoccmix_nooccmix,data,2022,,2022,correction
cms_occupational_mix_sheet_rows,d2974a30c46d79f7045ce0ee5f5ac554,4aa94cefd4b900d92de76c185ef0fa5339acee419333f5ae4c2fa3d005344ec3,CMS_OCCMIX__20260924T175809Z__7571eee06f0b4f2b91c34c47dc081cfb,names,ahw_provider_area_listing,data,2018,,2018,proposed
cms_occupational_mix_sheet_rows,d34903a37c593dd1cddd01ed6368d8a9,088698894c08952153fd4c74323902d35cba52b9cbb4af46760bbe3e5f9db1dd,CMS_OCCMIX__20260924T173244Z__49e30e16b68d401385b2bea88276bf0b,names,provcbsaahw,data,2024,,2024,final
cms_occupational_mix_sheet_rows,d4ea6067c50d3820688d81168e0a6a6e,2fdc64e050ff156d04fe300375e59ed1adc4df4d9672dbfd9e5481f3fa948329,CMS_OCCMIX__20260924T174629Z__611f93874420402bbb82d8314a647579,names,puerto_rico_ahws_old_cbsas,data,2015,,2015,final
cms_occupational_mix_sheet_rows,de779886419ef0a1901b43c8c84938c2,5737a8e4c45bcbe2f7ebb8bd4fd8ca1e6b93baf99ddf8a34556b3fc9500d3b92,CMS_OCCMIX__20260924T175902Z__465589bea72749c29f219f14a506931e,names,provoccmix,data,2017,,2017,proposed
cms_occupational_mix_sheet_rows,deb8cf96bd79a3366add011fa04f9389,400bfbfa9bfd30f46c2cb5290139163e9e1409d7238e29d65d977fb956e3906a,CMS_OCCMIX__20260924T175937Z__c676a40964ce48d880862390e3dcc187,names,provoccmix,data,2017,,2017,final
cms_occupational_mix_sheet_rows,e26c21acbbdea447d0ae446f813a6fd4,c592a15b2bd330bf417ec2cbb36bad57fc28846588b1117be1cdd9f0d5f2498b,CMS_OCCMIX__20260924T174727Z__bee8822977ab4349a25c227236d84f59,names,s3_occmix,data,2014,,2014,proposed
cms_occupational_mix_sheet_rows,e581100079deec09f76eee1c05b71fd1,23c44ca99df3a66e330635f6c6a636873907820feb3b5eab83a8d5ffea65e0a4,CMS_OCCMIX__20260924T175037Z__4704f0057fd244cb8d6aa8f6afcc1a01,names,cbsaoccmix_nooccmix,data,2026,,2026,proposed
cms_occupational_mix_sheet_rows,e680f9d8b9db29b2b3556818a86327e2,07cc7b8c011cea6c29b480923fae86ffa50f1d317e3dad71b538e355a4af6c19,CMS_OCCMIX__20260924T174727Z__bee8822977ab4349a25c227236d84f59,names,twotabspreandpostreclass041513,data,2014,,2014,proposed
cms_occupational_mix_sheet_rows,e6ff53c3d9c20613d57b80e882daf53f,5312da3c3b79882c03205b67f424f04d6868d618b7cce0e5454775c828fc3485,CMS_OCCMIX__20260924T175949Z__3c8423bedd6e455ab4ba118fa10fd8a5,names,provoccmix,data,2016,,2016,proposed
cms_occupational_mix_sheet_rows,e87c75a2c7a7b6ab71e8346c35d9f294,f33929633e88ed0d2d4e07d63fe606561230afbb97a7bcb4faa62b10309ed203,CMS_OCCMIX__20260924T173244Z__49e30e16b68d401385b2bea88276bf0b,names,cbsaoccmix_nooccmix,data,2024,,2024,correction+final
cms_occupational_mix_sheet_rows,ea1c2464b1a588fc662ec43624b24d75,d604dbd0a124b9d801139fd9fa63bdbb8eec1fafdfb72a36ccb75a1c19159eff,CMS_OCCMIX__20260924T175657Z__4501b4d64b414b5c9000135f9a1111e4,names,provcbsaahw,data,2019,,2019,final
cms_occupational_mix_sheet_rows,ea968858e4b5a80d32cedb4d4debe437,c1fa43eb71ab86c475236b7f023bec26be5b4e605e64b66e6a35978f55cbe52e,CMS_OCCMIX__20260924T173225Z__bce6a323579549b9b6e371e3cbbfc8de,names,cbsaoccmix_nooccmix,data,2025,,2025,proposed
cms_occupational_mix_sheet_rows,ec6ec3b209a5ee1046a2b67a4552c1c1,feb54396ccfe051f86d3d4ac92f2c7558d6352bad64f973bd6b8d88216972f86,CMS_OCCMIX__20260924T171030Z__3f6386bc25934b988ab52e59b87dfeba,names,s3_occmix,data,2022,,2022,correction
cms_occupational_mix_sheet_rows,f04e64dc9cd2a9b60da308507931b77d,86110bf8901afae50c9b30efcd70e5190b31d2e012c1cf2f80c07a9d2651a82f,CMS_OCCMIX__20260924T175657Z__4501b4d64b414b5c9000135f9a1111e4,names,s3_occmix,data,2019,,2019,final
cms_occupational_mix_sheet_rows,f1640769635796d4acd501b221421f60,9878b4a6007e814c835cea3139dd5719a998b80d3522961e59e10f9aebc37efd,CMS_OCCMIX__20260924T173244Z__49e30e16b68d401385b2bea88276bf0b,names,s3andoccmixpuf,data,2024,,2024,final
cms_occupational_mix_sheet_rows,f2b6b9a9d549fe4daf140ac4200a6490,0c72bce618816eed6b0c9eec0a6395bd457758c2fa209b5fe8a45596b0560578,CMS_OCCMIX__20260924T175657Z__4501b4d64b414b5c9000135f9a1111e4,names,cbsaoccmix_nooccmix,data,2019,,2019,final
cms_occupational_mix_sheet_rows,f303c555657a8f40788558a8a24bb988,080530d741d37f18abe7fe1937b2b4bbb02479d00eee0abb8eba7997fdb9c010,CMS_OCCMIX__20260924T174656Z__7dcc1976372a45faa97babbbde118b70,names,provoccmix,data,2015,,2015,proposed
cms_occupational_mix_sheet_rows,f62012748fc8160d300d7dd02beb70f6,08685b4ea022127659d8cd5a70740a1f3cf7887ce7d63ea68287395cf7accfcc,CMS_OCCMIX__20260924T175730Z__084be9485a1f43d7a530a2b387f6e5de,names,cbsaoccmix_nooccmix,data,2019,,2019,proposed
cms_occupational_mix_sheet_rows,f727ff5dd595e7fb916c6a0f17860912,c24c27ee8f8c06c2c37b68669a07ced678a182c431ef853bc47db967bb0e6624,CMS_OCCMIX__20260924T173225Z__bce6a323579549b9b6e371e3cbbfc8de,names,provoccmix,data,2025,,2025,proposed
cms_occupational_mix_sheet_rows,f8fe18ea4ff880eb0803a7f8714ab96f,5b57bb33aff88471cd229882f3ec41d01857eacf8f9f4e1770a77c85a399dc6a,CMS_OCCMIX__20260924T171030Z__3f6386bc25934b988ab52e59b87dfeba,names,ahw_provider_area_listing,data,2022,,2022,correction
cms_occupational_mix_sheet_rows,f9545bc3408f3ff6d7e77e7f465192bc,cff4c4076b47f0f85578a7bf29a9ff27d7625ebbd41361bedd52c1a556b892d5,CMS_OCCMIX__20260924T173813Z__61da41b60317421e8c5c047ecf820ede,names,provcbsaahw,data,2021,,2021,final
cms_occupational_mix_sheet_rows,faf889d59e9f4899f76a07816044bdac,65d4faa4fd5d1e40ab3f24eae88f8a4027237c63a601c5628250c5764a409044,CMS_OCCMIX__20260924T173913Z__21e5e7fb44ba4954b1896a60857d0a21,names,provoccmix,data,2020,,2020,final
cms_occupational_mix_sheet_rows,fbccb26a2b811b0455782f19d7185df2,44c04524458115cdd7dd6d4d8d33527dd19df8b1c952eec01502973a6a194112,CMS_OCCMIX__20260924T175730Z__084be9485a1f43d7a530a2b387f6e5de,names,provoccmix,data,2019,,2019,proposed
cms_occupational_mix_sheet_rows,fce963efbbf1e70c091edd66ab0cc8d9,bd3779c12198e1bf41efb3c0fe0c747fd725973103df04349545875ca3b59920,CMS_OCCMIX__20260924T173441Z__bcbb293426c94d0ea2148def3e5f7e18,names,ahw_provider_area_listing,data,2023,,2023,proposed
cms_occupational_mix_sheet_rows,fd3f2f218a406215ff16e6546397fda8,8072b3663cd991242b674ad3f0b7aeadf0e5d0381548c03f4df141e2a028c480,CMS_OCCMIX__20260924T175809Z__7571eee06f0b4f2b91c34c47dc081cfb,names,provoccmix,data,2018,,2018,proposed
cms_occupational_mix_sheet_rows,ffdd8bf71948a8b03c3e0df9e6047aae,9818cf2d81a6740809a9db0cd6cefc5647bcbaec591d8989b4d6aa68ff2785ea,CMS_OCCMIX__20260924T171118Z__ade28fc1c8e949a28bed6864e7d9a484,names,ahw_provider_area_listing,data,2026,,2026,final
cms_occupational_mix_text_lines,03f0065df16577cd3bab23fb61126f52,9b24490308523e2a37e4e926489064b9065bafb064129c60c511c1a35587cdc8,CMS_OCCMIX__20260924T175657Z__4501b4d64b414b5c9000135f9a1111e4,names,s3_deleted_from,data,2019,,2019,correction
cms_occupational_mix_text_lines,049d9714b54fd55c013ae167e9e9aee5,d2fe1649b3e50471bda0618a8fa326069ec2c8d2a6d3fdb0a72bcb76a56945cf,CMS_OCCMIX__20260924T173441Z__bcbb293426c94d0ea2148def3e5f7e18,names,provoccmix,data,2023,,2023,proposed
cms_occupational_mix_text_lines,04d505fa3da1a1c2e8d0e15a3c4a13eb,5b625544a0b47d21ac48e6b276501ef37a2c1cc7e24565a66aa59a7156cbd3d5,CMS_OCCMIX__20260924T175023Z__5a48447f42d24462a458624b91a84932,names,s3_description,description,2026,,2026,proposed
cms_occupational_mix_text_lines,05d31e80cd0cea2d896dcc8be4b17e52,bb92accb4e1bb28765217d8e3140dc441109bd4a07e650fcc5ba1e682d3296bc,CMS_OCCMIX__20260924T171030Z__3f6386bc25934b988ab52e59b87dfeba,names,s3,data,2022,,2022,final
cms_occupational_mix_text_lines,09048aac9a4e4dc8b43633e06f65db9f,848cea6826fe63c360132a9325f67d84675e5fe97f0d3f2e258f4ad4b125e0ad,CMS_OCCMIX__20260924T173244Z__49e30e16b68d401385b2bea88276bf0b,names,ahw_provider_area_listing_reclass,data,2024,,2024,correction+final
cms_occupational_mix_text_lines,0a143ca8f1307262bf2875cca778c5b5,6dcf5322967f0f3a42581044452c4f7ba485af65df28a3ecedd395888d58fb31,CMS_OCCMIX__20260924T173913Z__21e5e7fb44ba4954b1896a60857d0a21,names,ahw_provider_area_listing_reclass,data,2020,,2020,correction
cms_occupational_mix_text_lines,0b1a5b96faced6f1b3871a18b06fca3c,518f57bab792d7013d8c388f90f3e7386850605d45626c1279063369508cad26,CMS_OCCMIX__20260924T171030Z__3f6386bc25934b988ab52e59b87dfeba,names,provcbsaahw,data,2022,,2022,final
cms_occupational_mix_text_lines,0bfe39da8c643b5482c24d5efdc68ce1,d2f460cdc95346a8badd46d5ba043dcb489c71b29d8b15eef9559f00c508b026,CMS_OCCMIX__20260924T173633Z__65799ca9f6034c0ebe1b3819bfdef820,names,proposedrulepuf_provcbsaahw,data,2022,,2022,proposed
cms_occupational_mix_text_lines,0e45686dbde98feaf4b1394ac5a27ca8,1016281e5e724860ae5dfc85f1986c68883be9573c7aa13da296511a5d1024fd,CMS_OCCMIX__20260924T175730Z__084be9485a1f43d7a530a2b387f6e5de,names,s3_occmix_s3_deleted,data,2019,,2019,proposed
cms_occupational_mix_text_lines,0fd2b2fd4d0698dc4af52d0c3baa3bf3,e6d8163924838937d76e63e6f4e815266f7e04f0a5a4afcd176f91f75de68e89,CMS_OCCMIX__20260924T173441Z__bcbb293426c94d0ea2148def3e5f7e18,names,ahw_provider_area_listing_reclass,data,2023,,2023,proposed
cms_occupational_mix_text_lines,106d12ebb46da744dee01719e512d57d,13602a4e64965856fcb0fbec93dfb64d4d8698d091bc22a7c5731b26e294af96,CMS_OCCMIX__20260924T173633Z__65799ca9f6034c0ebe1b3819bfdef820,names,occmix,data,2022,,2022,proposed
cms_occupational_mix_text_lines,1111b257a151fcbd07f98357993260ed,cfca554a45860cb497c05679ff0168cdd023ca139ead264e7c338218bb290185,CMS_OCCMIX__20260924T173913Z__21e5e7fb44ba4954b1896a60857d0a21,names,cbsaoccmix_nooccmix,data,2020,,2020,final
cms_occupational_mix_text_lines,1433c840f096b058321d56a49be06819,c27ce1ca0d854cd31cfeb9a6710fd36bf655ddc0e6a3a593b2bb7ae7a5561085,CMS_OCCMIX__20260924T175657Z__4501b4d64b414b5c9000135f9a1111e4,names,ahw_provider_area_listing,data,2019,,2019,correction
cms_occupational_mix_text_lines,14a4a6fa61865dcfdc1d3036375caf60,93ab735ca37195918b12f7dc6f815e6536e30dcfc64dd2506912114940773b52,CMS_OCCMIX__20260924T173225Z__bce6a323579549b9b6e371e3cbbfc8de,names,deleted_s,data,2025,,2025,proposed
cms_occupational_mix_text_lines,15a219c644c24b46e3a5b6374d9cab25,b989468a36204e0ac60074e59b4769c167c25e642065dc62ac53c47568aaeb78,CMS_OCCMIX__20260924T171030Z__3f6386bc25934b988ab52e59b87dfeba,names,s3,data,2022,,2022,correction
cms_occupational_mix_text_lines,18b71f8f2cef1c0d461598ad270598ba,0cc7901c8f97294546fb5b6f24886f6efadc3ba06bb671e146dbc1eacdd98a20,CMS_OCCMIX__20260924T173244Z__49e30e16b68d401385b2bea88276bf0b,names,provoccmix,data,2024,,2024,correction+final
cms_occupational_mix_text_lines,19aca9c85a6d981818a28160f859391d,a942257a1756865ebb505fb11584df8060663e62867b1a00a2003ad6f0adc10f,CMS_OCCMIX__20260924T173913Z__21e5e7fb44ba4954b1896a60857d0a21,names,occmix,data,2020,,2020,final
cms_occupational_mix_text_lines,1b7754a46d1d727f925e7fd0681e603a,0181c2200aadc7207c80eb3fe50c010039022848668d1f243e5683798e8b729d,CMS_OCCMIX__20260924T175023Z__5a48447f42d24462a458624b91a84932,names,s2_s,data,2026,,2026,proposed
cms_occupational_mix_text_lines,1bd3231e1154ee4ec64a58807cff5439,f23a22172abc743c6bc8dda6a6c9514f4adc66d0bba190c100968c40a5a5fe47,CMS_OCCMIX__20260924T171118Z__ade28fc1c8e949a28bed6864e7d9a484,names,provoccmix,data,2026,,2026,final
cms_occupational_mix_text_lines,1c566bb39333b7e8eda5d7f1c3c4f002,239b01674a5b927d9a53dc2ad6588adb0041d08f52fb061fc13dbe1135afe35c,CMS_OCCMIX__20260924T175835Z__8fe7f5009a874aba9bb97b63d89d6a3a,names,s3_occmix_description,description,2018,,2018,correction
cms_occupational_mix_text_lines,1e5aa98d0e279e280d63d9bd8c5cddd2,e809401288f3bc087ade873eab0f341c5bb63e7ea64f8330b39f7ace42dec410,CMS_OCCMIX__20260924T175037Z__4704f0057fd244cb8d6aa8f6afcc1a01,names,nprm26_deleted_s,data,2026,,2026,proposed
cms_occupational_mix_text_lines,1fd0761395158858120c33d8e0931782,531a77cd50179d4e6c79cff526909f7d7f1edb6ddc0f4ca55af8e3272391d0ee,CMS_OCCMIX__20260924T175533Z__c19dfcd9308c49e595bb53311330eff9,names,ahw_provider_area_listing,data,2020,,2020,proposed
cms_occupational_mix_text_lines,1fe8a1875682b72b95e8df5a4bd5e3cc,659a6c82f5e5b10538c46dfe5df27aac6336fa32f0fd3974ab832b24bcba7bde,CMS_OCCMIX__20260924T173244Z__49e30e16b68d401385b2bea88276bf0b,names,provcbsaahw,data,2024,,2024,final
cms_occupational_mix_text_lines,2078ab877cceac119cf1bbc50f73e657,1629f8cf219d69d19eed78ed38511982d398d08216696be35564d418b16d8055,CMS_OCCMIX__20260924T175809Z__7571eee06f0b4f2b91c34c47dc081cfb,names,provcbsaahw,data,2018,,2018,proposed
cms_occupational_mix_text_lines,20a127fa83f535d2bcdf75c632f3d2d1,7f5223f3058ea5f06389a7c33176870dd6bbf4e23f44e291b01f23eb3041688a,CMS_OCCMIX__20260924T174727Z__bee8822977ab4349a25c227236d84f59,names,provcbsaahw040513,data,2014,,2014,proposed
cms_occupational_mix_text_lines,21731b2b95a49e22c763025057e0b22e,57dd3c2a2ac6e53557e556d0ba1b53d88235f8ad2b9070138baed09884615094,CMS_OCCMIX__20260924T173244Z__49e30e16b68d401385b2bea88276bf0b,names,occmix,data,2024,,2024,final
cms_occupational_mix_text_lines,21e3e517d16014629b1fa673f82aa371,780517bf7599c10cc827dc59ed6173f2ecc88664e7fb2c9daca540357f6f8d4c,CMS_OCCMIX__20260924T175023Z__5a48447f42d24462a458624b91a84932,names,s3_occmix,data,2026,,2026,proposed
cms_occupational_mix_text_lines,2307b09810230c85b03fb4a3f5acf29a,52e9fc3bbb12891411e55b7465adf002d0d027be8441da9825a4cf4bbe2aae9e,CMS_OCCMIX__20260924T171030Z__3f6386bc25934b988ab52e59b87dfeba,names,deleted_om,data,2022,,2022,correction
cms_occupational_mix_text_lines,236ce44cd6711f241f4102a2fc6b4df1,821436a7ebbf3abe1fe4061fdec5991dbe7e0dff594fd400bcbcc73639cc2445,CMS_OCCMIX__20260924T174656Z__7dcc1976372a45faa97babbbde118b70,names,reclass_to_cbsa_old,data,2015,,2015,proposed
cms_occupational_mix_text_lines,23982cf5389bc686096b67ad65e8e9b5,1629f8cf219d69d19eed78ed38511982d398d08216696be35564d418b16d8055,CMS_OCCMIX__20260924T175809Z__7571eee06f0b4f2b91c34c47dc081cfb,names,provcbsaahw,data,2018,,2018,proposed
cms_occupational_mix_text_lines,248514b42887c55a92753a4767a3bc3c,843c46e71e42cfb721886cd6a0a4ff9e65cbb116d09abcd0ef4bace93e6b76ef,CMS_OCCMIX__20260924T175657Z__4501b4d64b414b5c9000135f9a1111e4,names,provcbsaahw,data,2019,,2019,correction
cms_occupational_mix_text_lines,27426eb39026a662596f1e80c3f23978,1b021c34a859c882126d160987259c80c2c7bf5fb6a1a59a7a9fc7e9c404d523,CMS_OCCMIX__20260924T175657Z__4501b4d64b414b5c9000135f9a1111e4,names,cbsaoccmix_nooccmix,data,2019,,2019,correction
cms_occupational_mix_text_lines,299c96f5fdbe87df6b95a27e6e4dd8a9,75a299b4d766f68ea87f6e7eaa8a0c7afac81ae08b42ad7d4638f283b1ede0a5,CMS_OCCMIX__20260924T175809Z__7571eee06f0b4f2b91c34c47dc081cfb,names,reclass,data,2018,,2018,proposed
cms_occupational_mix_text_lines,2ab4192d2b6db39bba5c0ce665c6a505,9b24490308523e2a37e4e926489064b9065bafb064129c60c511c1a35587cdc8,CMS_OCCMIX__20260924T175657Z__4501b4d64b414b5c9000135f9a1111e4,names,s3_deleted_from,data,2019,,2019,final
cms_occupational_mix_text_lines,2b139babae25816d8da3c5484684f07d,087a030ff94fceabe3d3ddd23bb007091532e84de15cec79e55b522c7a922625,CMS_OCCMIX__20260924T173244Z__49e30e16b68d401385b2bea88276bf0b,names,ahw_provider_area_listing_prov,data,2024,,2024,correction+final
cms_occupational_mix_text_lines,2c184d27180ae008a0de3e5580577eae,a141645ed15392107e2123f1dd62424307563682952966caf8045bcfb097995d,CMS_OCCMIX__20260924T175835Z__8fe7f5009a874aba9bb97b63d89d6a3a,names,occmix_deleted,data,2018,,2018,correction
cms_occupational_mix_text_lines,2c4a655ffa95a874ea8cf3e962766f9d,0bc8bb4c2ab8b7e26939ccf6a6782d643a00e5d67992922d749077755e0d2082,CMS_OCCMIX__20260924T173913Z__21e5e7fb44ba4954b1896a60857d0a21,names,s3,data,2020,,2020,final
cms_occupational_mix_text_lines,2c9148e69d5fd02cb40d8ac4f18b34fe,e9a0e30f1566e2cf3a2490294d050f7da1a754832cc1e38f5377a75845495355,CMS_OCCMIX__20260924T173244Z__49e30e16b68d401385b2bea88276bf0b,names,deleted_s,data,2024,,2024,final
cms_occupational_mix_text_lines,2d26889ed97e7e0b7725b264ef4bc997,49113fa7686d28d87f2b23633b2df0852568bf022deb98139312bd658bfe4c04,CMS_OCCMIX__20260924T171030Z__3f6386bc25934b988ab52e59b87dfeba,names,occmix_deleted,data,2022,,2022,final
cms_occupational_mix_text_lines,2d46ba5017870929d5d8e189d8def85d,b4d5e179ea0ca3e98ac2d6014fadf575393c018589acd24e870e9a54256f6d59,CMS_OCCMIX__20260924T174727Z__bee8822977ab4349a25c227236d84f59,names,test9mc040513,data,2014,,2014,proposed
cms_occupational_mix_text_lines,2eb39e22e4e86f70a2c33e3b014cc920,007181c89423d553f80679d32f564f1d1088596d5bc497622c71b48ca419f581,CMS_OCCMIX__20260924T174656Z__7dcc1976372a45faa97babbbde118b70,names,cbsaoccmix_nooccmix_cbsa_new,data,2015,,2015,proposed
cms_occupational_mix_text_lines,3070e49577fe9edee82da7b01b393c7f,bd15a682e7e1e08ca3f3431ae1a4379af0cb5322083f0fbde56e7e630538e368,CMS_OCCMIX__20260924T173441Z__bcbb293426c94d0ea2148def3e5f7e18,names,provcbsaahw,data,2023,,2023,proposed
cms_occupational_mix_text_lines,30d7aedc5b9605d2f3544f8552f8584f,f9e5b14888332b935c6240aadabdfa77f1e5a46bb2ea2a6f3d1a9116be34c9fe,CMS_OCCMIX__20260924T175730Z__084be9485a1f43d7a530a2b387f6e5de,names,reclass,data,2019,,2019,proposed
cms_occupational_mix_text_lines,321bfb111f4494c8cc2cc0f51ec281c5,f6f52d7dbebf03648b600e80a74f6ffec509da325d936af566dca967da451ec6,CMS_OCCMIX__20260924T175835Z__8fe7f5009a874aba9bb97b63d89d6a3a,names,provider_cbsa_ahw,data,2018,,2018,correction
cms_occupational_mix_text_lines,33f650b5a879fa5235aeeb3a4cd254ce,93b43d3a96b1ac5a53db007e76b02b75a637ed08eefc07f2066de088badd3d6a,CMS_OCCMIX__20260924T173813Z__61da41b60317421e8c5c047ecf820ede,names,s3_occmix_description,description,2021,,2021,final
cms_occupational_mix_text_lines,34e4c32aa61578ec6a640052a3c112e6,a5aea59a26eab0cc20614319556ed16f5916fd7fe5d518d921d51f814445dc44,CMS_OCCMIX__20260924T173813Z__61da41b60317421e8c5c047ecf820ede,names,cbsaoccmix_nooccmix,data,2021,,2021,final
cms_occupational_mix_text_lines,352361ad3e852bea38e4da4c4b9bed09,57dd3c2a2ac6e53557e556d0ba1b53d88235f8ad2b9070138baed09884615094,CMS_OCCMIX__20260924T173244Z__49e30e16b68d401385b2bea88276bf0b,names,occmix,data,2024,,2024,correction+final
cms_occupational_mix_text_lines,3595de3b5d9c3b150bf595b98fe810f6,c8fce596103b6440b791b813fa35d0639208a35c870b4a931051866a11329566,CMS_OCCMIX__20260924T173633Z__65799ca9f6034c0ebe1b3819bfdef820,names,proposedrulepuf_provoccmix,data,2022,,2022,proposed
cms_occupational_mix_text_lines,36b7b4b4408e901a19c9d3ffbcfecacf,755354d83ef810d2c59bd5cb003eaf2e8e1a0860352c8a46d59485da9778c4bb,CMS_OCCMIX__20260924T175835Z__8fe7f5009a874aba9bb97b63d89d6a3a,names,occmix,data,2018,,2018,correction
cms_occupational_mix_text_lines,36f81899e80839dc64a1f1dd1c27533e,f97ac9b51934dfb50ec58431416851b5fad27f994f1fc4e9cfb13bd7ac730020,CMS_OCCMIX__20260924T173342Z__90a5f11402a3482a85334ec241dd91ef,names,deleted_s,data,2023,,2023,final
cms_occupational_mix_text_lines,377392b15baed8f63e2749d4410b0d22,b30a6b9248f30eedeae6b3bedaad86dd01e4b688fb3ca14b69ba4d8f4919b006,CMS_OCCMIX__20260924T175730Z__084be9485a1f43d7a530a2b387f6e5de,names,provcbsaahw,data,2019,,2019,proposed
cms_occupational_mix_text_lines,3774a11cce98359ef4c1ebfc2bf08e8f,f677b51c32163741574727f1114caa181e37930dcf3287d53a8cf2fd7170524f,CMS_OCCMIX__20260924T171118Z__ade28fc1c8e949a28bed6864e7d9a484,names,cbsaoccmix_nooccmix,data,2026,,2026,final
cms_occupational_mix_text_lines,396f07e058695b4e06e73438b6cc4bd3,1258881c8472e923bd0a8e4f42210a6fe86e53f386e0da5850089b19a68234cb,CMS_OCCMIX__20260924T174629Z__611f93874420402bbb82d8314a647579,names,ahw_provcbsaahw,data,2015,,2015,final
cms_occupational_mix_text_lines,39a319462777763b006bed03d9127d11,a9eac5c0621fabf0a312e75afe1f758d767c505ff813ae5ea2775cdfc18b1059,CMS_OCCMIX__20260924T173633Z__65799ca9f6034c0ebe1b3819bfdef820,names,s3_deleted,data,2022,,2022,proposed
cms_occupational_mix_text_lines,3a833cb7c2863195af7877c42cdf8edd,5bb140c710e7a0bc3c1c26328fbc0a73a32591d08a512e6bd66862a204fcf3ae,CMS_OCCMIX__20260924T173813Z__61da41b60317421e8c5c047ecf820ede,names,s3,data,2021,,2021,final
cms_occupational_mix_text_lines,3ae9bf0d46ca27e2b98ba10dafc020b4,b0ef78de79ff824acd8f878f93fc39e779f3b89524b566596dffba6f8ca1cca4,CMS_OCCMIX__20260924T173813Z__61da41b60317421e8c5c047ecf820ede,names,ahw_provider_area_listing_prov,data,2021,,2021,final
cms_occupational_mix_text_lines,3c97d4adc2ab06aeab9739e68bb013ca,659a6c82f5e5b10538c46dfe5df27aac6336fa32f0fd3974ab832b24bcba7bde,CMS_OCCMIX__20260924T173244Z__49e30e16b68d401385b2bea88276bf0b,names,ahw_provider_area_listing_prov,data,2024,,2024,final
cms_occupational_mix_text_lines,3f08e24f09dd8b9399f8e4070b9680aa,29b381d361cde86c1b95de0f43c59dc632d862c043bc7cc1efb527acb9c278ea,CMS_OCCMIX__20260924T173813Z__61da41b60317421e8c5c047ecf820ede,names,occmix,data,2021,,2021,final
cms_occupational_mix_text_lines,3fa303cb8282ee14f2be6f66e4ae80dc,210ffa87494cce7c1461d9f92cb635ee12778e5ce535ec18cdef356e2bb70216,CMS_OCCMIX__20260924T171030Z__3f6386bc25934b988ab52e59b87dfeba,names,ahw_provider_area_listing_reclass,data,2022,,2022,correction
cms_occupational_mix_text_lines,404ea82d54a5f73da385327f015af67a,7610a46e5f83c3e44c88dab7170caeba1939601f1aef44c3c6353777f6630fcd,CMS_OCCMIX__20260924T175657Z__4501b4d64b414b5c9000135f9a1111e4,names,provoccmix,data,2019,,2019,correction
cms_occupational_mix_text_lines,410a8fdc85c70286a75ff96762844b47,da3b157a1e3610966ae5d5a2c2d900b6d2509d777a7d7b4c60733627aeb58e3e,CMS_OCCMIX__20260924T175949Z__3c8423bedd6e455ab4ba118fa10fd8a5,names,provcbsaahw,data,2016,,2016,proposed
cms_occupational_mix_text_lines,41bc7cf829e17a27a7a032acdcfd6608,c591bcc0395191d3c2196cf99de359a446abcb1329ec3a52d094289c605dc8c5,CMS_OCCMIX__20260924T173342Z__90a5f11402a3482a85334ec241dd91ef,names,occmix,data,2023,,2023,final
cms_occupational_mix_text_lines,437ff70baf18dbc4962a85db4203fa78,b30a6b9248f30eedeae6b3bedaad86dd01e4b688fb3ca14b69ba4d8f4919b006,CMS_OCCMIX__20260924T175730Z__084be9485a1f43d7a530a2b387f6e5de,names,provcbsaahw,data,2019,,2019,proposed
cms_occupational_mix_text_lines,43938dbf9fd399ff20461c85cdc4c923,f239f04503af1fec686e9065f37051c1c7e9e25102437eed1c94633fd578f813,CMS_OCCMIX__20260924T173633Z__65799ca9f6034c0ebe1b3819bfdef820,names,s3_occmix_description,description,2022,,2022,proposed
cms_occupational_mix_text_lines,447e98fb9e63fa332196ad10050683f1,eb55c18f6a4c15d6b17fa0186ed86832f7335b3262c61e32435b3230e3959f87,CMS_OCCMIX__20260924T175949Z__3c8423bedd6e455ab4ba118fa10fd8a5,names,cbsaoccmix_nooccmix,data,2016,,2016,proposed
cms_occupational_mix_text_lines,4505b37e301564a51ff85116f3bd9b59,dfb265f3e6d4fce4f50dd16cbb1c8e9f80589f5499bd1d2c8f9b5cc35a0d3a3a,CMS_OCCMIX__20260924T173813Z__61da41b60317421e8c5c047ecf820ede,names,s3_deleted,data,2021,,2021,final
cms_occupational_mix_text_lines,473ad685382add0bc5301e54eee76d0c,ef7666d9057d7b5efb6a65575444e4fbcc04d244630a7f375efdda45b1b12ab6,CMS_OCCMIX__20260924T174656Z__7dcc1976372a45faa97babbbde118b70,names,s3_occmix_description,description,2015,,2015,proposed
cms_occupational_mix_text_lines,4841823f96c3baf7df591ff442710200,48f59fd287200878b8d1cbdbd91a0436880e9b161813a03f973a7a2399215393,CMS_OCCMIX__20260924T174629Z__611f93874420402bbb82d8314a647579,names,s3,data,2015,,2015,final
cms_occupational_mix_text_lines,486dad751786d6031420de7f20dbb14c,51bbe58b279b0430fe669ef830708d33632459bb111a6e2faa12b35f39a7c4a2,CMS_OCCMIX__20260924T175051Z__1ad596700d2240648aa2a56b579af0b1,names,s_description,description,2026,,2026,unspecified
cms_occupational_mix_text_lines,493b8d20c96a0b7ae73fbc149e6bf587,889a3cc091c4434755bd62fa5276dd680e253cdf846ca68e472608a4b47e8d73,CMS_OCCMIX__20260924T175809Z__7571eee06f0b4f2b91c34c47dc081cfb,names,cbsaoccmix_nooccmix,data,2018,,2018,proposed
cms_occupational_mix_text_lines,4998bc603ad4545878e592a7d79a42c3,62559404fcf3d282e662b84ce44ea4439e1eb7c608a3a318096593de5e49a321,CMS_OCCMIX__20260924T175809Z__7571eee06f0b4f2b91c34c47dc081cfb,names,s3_occmix_occ_mix,data,2018,,2018,proposed
cms_occupational_mix_text_lines,4a214e1ed99fe0847aca9d6e0ecd40f5,a2eaa778484c24b182f71e14bd8f86b988ce31d88f8be93b7dd6b4d0562aa897,CMS_OCCMIX__20260924T175949Z__3c8423bedd6e455ab4ba118fa10fd8a5,names,ahw_provider_area_listing,data,2016,,2016,proposed
cms_occupational_mix_text_lines,4b50f04fcf52138a16736a52ec5cb264,99852d9746c56b1dc648796018432e4a201a196d40399d48915e58eb9207d7d9,CMS_OCCMIX__20260924T173225Z__bce6a323579549b9b6e371e3cbbfc8de,names,description,description,2025,,2025,proposed
cms_occupational_mix_text_lines,4b90f13e51f7ebfd2c9a7352cbab0ccb,9da0ff4718494c7fb2c21b8101e8bfec529e6a80943fd91d54356397bcd18834,CMS_OCCMIX__20260924T175037Z__4704f0057fd244cb8d6aa8f6afcc1a01,names,nprm26_ahw_provider_area_listing_reclass,data,2026,,2026,proposed
cms_occupational_mix_text_lines,4bdebb9ce1dfce3d1849cbde2eceea01,899235a28ec64762091b8ea051648cafff611ae85b9f25222e7ae0ee2f14f6da,CMS_OCCMIX__20260924T171030Z__3f6386bc25934b988ab52e59b87dfeba,names,cbsaoccmix_nooccmix,data,2022,,2022,final
cms_occupational_mix_text_lines,4c88892e9fcbe03d00f1591ab89e8f0d,f5c962bad6eb53ccd46e9449575b17e9d1fd30502b7c60c5e1e6eb8c504a5cb2,CMS_OCCMIX__20260924T175051Z__1ad596700d2240648aa2a56b579af0b1,names,deleted_om,data,2026,,2026,unspecified
cms_occupational_mix_text_lines,4dcce0008e7432b1b12cad7f24e06cda,99f05d147d968e6123f3a7b9c7fc142be9b380cd2a9add238ed95f9b30498c41,CMS_OCCMIX__20260924T173244Z__49e30e16b68d401385b2bea88276bf0b,names,ahw_provider_area_listing_reclass,data,2024,,2024,final
cms_occupational_mix_text_lines,4dfdfccb7e2cb9b0e873c0352303e8bb,c7e200afe53a829cd9d194eb2d2bcd1bae23bbd9546930b8fa1b0d3d0f73645b,CMS_OCCMIX__20260924T175835Z__8fe7f5009a874aba9bb97b63d89d6a3a,names,provcbsaahw,data,2018,,2018,final
cms_occupational_mix_text_lines,4e8bea339f24a102e94651854b635fd9,7f24a4a6c632f9d31ce389e802e2c2da507a3b0596c64c379ff8567b1d743b98,CMS_OCCMIX__20260924T175657Z__4501b4d64b414b5c9000135f9a1111e4,names,occmix_deleted_from,data,2019,,2019,final
cms_occupational_mix_text_lines,4f1f445c7c8d38de382bca385570dbda,3f33aec1c8a5a3c718f6a5a08c944a1417c994804e0eed2351065c4da8e4b309,CMS_OCCMIX__20260924T174629Z__611f93874420402bbb82d8314a647579,names,cbsaoccmix_nooccmix_cbsa_new,data,2015,,2015,final
cms_occupational_mix_text_lines,4faed3aae90a42a2183d11e77b878e1e,f7737dd52d2c229044c48fc25ef391a91a916357ee2397df2340dc54b082429f,CMS_OCCMIX__20260924T174656Z__7dcc1976372a45faa97babbbde118b70,names,occ_mix,data,2015,,2015,proposed
cms_occupational_mix_text_lines,4fb39bd8bf336d99bb698f01c5b2a6ff,d254b1c9f3d4ab1c22f3295126aa6e1f46489a3742cb4265989ff4caee34f1f9,CMS_OCCMIX__20260924T175809Z__7571eee06f0b4f2b91c34c47dc081cfb,names,s3_occmix_s3,data,2018,,2018,proposed
cms_occupational_mix_text_lines,50bab6ebeafa192e3cd4725df17beaa2,a0414d49f85bd0db9c84ffd43ce07c88940dccc34eee93716301528824c5e69c,CMS_OCCMIX__20260924T173913Z__21e5e7fb44ba4954b1896a60857d0a21,names,s3_occmix_description,description,2020,,2020,final
cms_occupational_mix_text_lines,525693145551c357e0540c6660209313,939f3826d279d6ffdb6e113f78a8638b38dfe89fdfa994e2c02f9298a99a1d44,CMS_OCCMIX__20260924T174727Z__bee8822977ab4349a25c227236d84f59,names,occ_mix,data,2014,,2014,proposed
cms_occupational_mix_text_lines,535239358285c067bb8fae40a0d72366,e6d57954cbfd95102f698db3676ba51c95cace2116a77978283fe67546733164,CMS_OCCMIX__20260924T175835Z__8fe7f5009a874aba9bb97b63d89d6a3a,names,reclass_cbsa,data,2018,,2018,correction
cms_occupational_mix_text_lines,53747744296d9417c43ece5c231056a3,3c89cf3f82885fec84f766c9835396a92f0b10582455b38a201ef48a057b712f,CMS_OCCMIX__20260924T173244Z__49e30e16b68d401385b2bea88276bf0b,names,cbsaoccmix_nooccmix,data,2024,,2024,final
cms_occupational_mix_text_lines,53ec32a14956d2b6a62d2400ac84f89b,15aab0314aabec35f3d95062c1f739c49d3657df62b92df05643d79f88d9b7d2,CMS_OCCMIX__20260924T174629Z__611f93874420402bbb82d8314a647579,names,cbsaoccmix_nooccmix_cbsa_old,data,2015,,2015,final
cms_occupational_mix_text_lines,544e1228e5c73cd97320aa052e26c8a5,da3b157a1e3610966ae5d5a2c2d900b6d2509d777a7d7b4c60733627aeb58e3e,CMS_OCCMIX__20260924T175949Z__3c8423bedd6e455ab4ba118fa10fd8a5,names,provcbsaahw,data,2016,,2016,proposed
cms_occupational_mix_text_lines,554da1af96bfd6e09f69d4e00aea42ec,1a5d78ed1f7f19bce1c2af7288d332247083d90963cc46e98ba67b9385ae5b97,CMS_OCCMIX__20260924T173441Z__bcbb293426c94d0ea2148def3e5f7e18,names,occmix,data,2023,,2023,proposed
cms_occupational_mix_text_lines,558ff8696058f910d5eea48b8749172c,a4e83fd2a6c4c4c1de0a212553ce7e4a050a4377e22caad81b6f2d0810b0e26a,CMS_OCCMIX__20260924T173441Z__bcbb293426c94d0ea2148def3e5f7e18,names,deleted_s,data,2023,,2023,proposed
cms_occupational_mix_text_lines,5883b9b770da51ef8c477224d6445ab5,72888dec7bc01b64a324e5404a2342f5cb51c3f167eb36d9261456c19177015a,CMS_OCCMIX__20260924T173225Z__bce6a323579549b9b6e371e3cbbfc8de,names,cbsaoccmix_nooccmix,data,2025,,2025,proposed
cms_occupational_mix_text_lines,589934d057309620844c4a75b0d52590,bab7087aedc8040c22943858f4a2c49102913c9510eb0df2e5cd51e57c228083,CMS_OCCMIX__20260924T175657Z__4501b4d64b414b5c9000135f9a1111e4,names,provoccmix,data,2019,,2019,final
cms_occupational_mix_text_lines,591d17aa1f8073a8930606ca1183c3ca,dcf82940787870cfb2e4b446dc616418d434d8bceabcb7d2515eaef0a164f9f7,CMS_OCCMIX__20260924T175037Z__4704f0057fd244cb8d6aa8f6afcc1a01,names,provoccmix,data,2026,,2026,proposed
cms_occupational_mix_text_lines,5941921b7fe19d5696026b3f8b66c40a,24767dac44eb9c0168b534d1c4c8ee17f53e568b6157f8ab139ac2848ae74fb8,CMS_OCCMIX__20260924T175902Z__465589bea72749c29f219f14a506931e,names,s3_deleted,data,2017,,2017,proposed
cms_occupational_mix_text_lines,59e16903611b5134d88c0b070ebd41dd,fe4a1ced6d95313b0743dff182fc6a77960fd9944c8253834616a35acd284c1f,CMS_OCCMIX__20260924T174727Z__bee8822977ab4349a25c227236d84f59,names,reclassprovcbsa041213puf,data,2014,,2014,proposed
cms_occupational_mix_text_lines,5a644de63d1831167aa0147c29b4241b,8076f902cf90ec01dd9c7e8d1552eeb2181dfae86a1b85eda2e7b910d407485b,CMS_OCCMIX__20260924T173913Z__21e5e7fb44ba4954b1896a60857d0a21,names,ahw_provider_area_listing_prov,data,2020,,2020,correction
cms_occupational_mix_text_lines,5ddcaa6106f9ff248f7e741e8c822311,225a034d5595635dcaa45a237893acd11e07f850892e648b8d26c91e4b6f808d,CMS_OCCMIX__20260924T174629Z__611f93874420402bbb82d8314a647579,names,description,description,2015,,2015,final
cms_occupational_mix_text_lines,5fb4d1e55c3c2afc6849230ed61a4b83,1eac86e5ed71798f6645faed44f14833dd30076078ea006dcc66cc1474129fbe,CMS_OCCMIX__20260924T173913Z__21e5e7fb44ba4954b1896a60857d0a21,names,s3_deleted,data,2020,,2020,final
cms_occupational_mix_text_lines,61673cd6ed429a54e389c02d03f43391,4b2f0c2cf894543b4ae3de7761bb7e55639d9a11d9afda3a85e9388d1d4ab5fd,CMS_OCCMIX__20260924T175730Z__084be9485a1f43d7a530a2b387f6e5de,names,s3_occmix_description,description,2019,,2019,proposed
cms_occupational_mix_text_lines,6381a92524650a0319138a254a4c30f9,ab82de5d3ee302a8d43c3bfe68637749a630beedef89d1f82102d622cd84ee4e,CMS_OCCMIX__20260924T175809Z__7571eee06f0b4f2b91c34c47dc081cfb,names,s3_occmix_s3_deleted,data,2018,,2018,proposed
cms_occupational_mix_text_lines,6427938e1c1d8b225b697f9d13a4bf65,b90dad4a9527fff4cec4f915f43ca23cb8c50d9623898cd766590609fba6ada8,CMS_OCCMIX__20260924T175902Z__465589bea72749c29f219f14a506931e,names,occmix_deleted,data,2017,,2017,proposed
cms_occupational_mix_text_lines,65601bc6959cb0bb2a26af0f2d5f3936,8658836cabf2057bdcf9e97c5c6923b47f0e9be382372c1ed91e1a3a677be9b5,CMS_OCCMIX__20260924T171118Z__ade28fc1c8e949a28bed6864e7d9a484,names,occmix,data,2026,,2026,final
cms_occupational_mix_text_lines,6fb3c40f9d2f61326b4413bdb902cba6,d52e956129ca76a216801803f4ece582a9f2a5143a974efad39a05280f539f23,CMS_OCCMIX__20260924T175657Z__4501b4d64b414b5c9000135f9a1111e4,names,occmix,data,2019,,2019,correction
cms_occupational_mix_text_lines,6fbea82bc8f571b53e11fdccb9f4b0ae,56e4272320b9540f1e91e3c6bb81f0e8f475581fb1c417cf01e012ffdfebf45f,CMS_OCCMIX__20260924T174629Z__611f93874420402bbb82d8314a647579,names,puerto_rico_ahws_old_cbsas,data,2015,,2015,final
cms_occupational_mix_text_lines,70a47db5cf924f3c07623624669d0f44,2cd3b77afe374fbfe569e627ac31a6449f47d9113d05aa3ef8a333203deb780b,CMS_OCCMIX__20260924T173633Z__65799ca9f6034c0ebe1b3819bfdef820,names,p~,data,2022,,2022,proposed
cms_occupational_mix_text_lines,718e4c1e92a6cefd84a18c446427cf27,525494c16ac0ed59ee41982198585de321f13fea35f03f024b5570b0b720589a,CMS_OCCMIX__20260924T174629Z__611f93874420402bbb82d8314a647579,names,provoccmix,data,2015,,2015,final
cms_occupational_mix_text_lines,73e7ac69963c1d2aebef1dbdaf10b989,c28a3b65037b9cd39768a8dc82db8b4868a0395818f8ff1415ee2cf5d45a87f3,CMS_OCCMIX__20260924T175835Z__8fe7f5009a874aba9bb97b63d89d6a3a,names,provoccmix,data,2018,,2018,final
cms_occupational_mix_text_lines,752a69af18314f98e516d8d21b4a5bce,c7e200afe53a829cd9d194eb2d2bcd1bae23bbd9546930b8fa1b0d3d0f73645b,CMS_OCCMIX__20260924T175835Z__8fe7f5009a874aba9bb97b63d89d6a3a,names,provcbsaahw,data,2018,,2018,final
cms_occupational_mix_text_lines,75331a75860f53d1cadeecf7fdaf8753,17a463c36dfd0612ed90e37c5a660af79613a96b273d066fdd604304e5e015af,CMS_OCCMIX__20260924T175657Z__4501b4d64b414b5c9000135f9a1111e4,names,provcbsaahw,data,2019,,2019,final
cms_occupational_mix_text_lines,75764a7ca181e1131b4e8de1c26496dd,d2f460cdc95346a8badd46d5ba043dcb489c71b29d8b15eef9559f00c508b026,CMS_OCCMIX__20260924T173633Z__65799ca9f6034c0ebe1b3819bfdef820,names,proposedrulepuf_20210409ahw_provider_area_listing_prov,data,2022,,2022,proposed
cms_occupational_mix_text_lines,759de8646c5e91453fe6a3d69ffde125,30b9fab2a12c34de643e1176d0a535cb2b6a2b70da65280eff98bcf02a47542a,CMS_OCCMIX__20260924T171030Z__3f6386bc25934b988ab52e59b87dfeba,names,provoccmix,data,2022,,2022,correction
cms_occupational_mix_text_lines,76db0ed86ddd9221b07cf10e74e1134f,c2e737aa690e064249799d8274234a902c3cdeb4b98533a5573a8fb2f828e2af,CMS_OCCMIX__20260924T175835Z__8fe7f5009a874aba9bb97b63d89d6a3a,names,s3_deleted,data,2018,,2018,final
cms_occupational_mix_text_lines,776c0220eaf9399bb33ee87b925866cd,a141645ed15392107e2123f1dd62424307563682952966caf8045bcfb097995d,CMS_OCCMIX__20260924T175835Z__8fe7f5009a874aba9bb97b63d89d6a3a,names,occmix_deleted,data,2018,,2018,final
cms_occupational_mix_text_lines,796ef1144a44cfa75323dada692a6e58,0dab80aadd180f26d2a9e0613cc5a52dfb7971f0ede0bd4bbdd98136a98b7d9f,CMS_OCCMIX__20260924T173244Z__49e30e16b68d401385b2bea88276bf0b,names,deleted_om,data,2024,,2024,final
cms_occupational_mix_text_lines,79a65f5628e3de8e032122764636e7a3,19931b3d7dcd5afd6ba48982f3f49b0596335dff884772ff6bc3ec6f6b5fb068,CMS_OCCMIX__20260924T173244Z__49e30e16b68d401385b2bea88276bf0b,names,description,description,2024,,2024,final
cms_occupational_mix_text_lines,79e13a3fca83e59c40b63dcfd5ea87ee,17707f434918dfebe91a8f93221f78c6ad385222656234c82f64a128a9cdf603,CMS_OCCMIX__20260924T173813Z__61da41b60317421e8c5c047ecf820ede,names,ahw_provider_area_listing_rec,data,2021,,2021,final
cms_occupational_mix_text_lines,7a839c02e89afa948fb045d3f200d9f2,bb44a513d738d6a9c829c10939ae68db6b65dddda60a7baa8c9af80bd91b311e,CMS_OCCMIX__20260924T175051Z__1ad596700d2240648aa2a56b579af0b1,names,occmix,data,2026,,2026,unspecified
cms_occupational_mix_text_lines,7a99b4fc313a20ec48a96c7da157169e,3cd7d2c9f5ee6fa4116b24133617c701f8618a8a735e66a2eda5f13cc9f9f4fc,CMS_OCCMIX__20260924T175902Z__465589bea72749c29f219f14a506931e,names,s3,data,2017,,2017,proposed
cms_occupational_mix_text_lines,7afc31078b4bba81473ff5baae11673e,197de64ac27974a2e99de5a400dfcb6ba6241930a3fd0275a3d0ce0d38e36e66,CMS_OCCMIX__20260924T173813Z__61da41b60317421e8c5c047ecf820ede,names,occmix_deleted,data,2021,,2021,final
cms_occupational_mix_text_lines,7b1c48d546408c51817d809bb285bdfa,53954288333ed9a9653922ea58cb6aaf10f3fc5a212f72f4a9c28271fa0a7753,CMS_OCCMIX__20260924T175037Z__4704f0057fd244cb8d6aa8f6afcc1a01,names,cbsaoccmix_nooccmix,data,2026,,2026,proposed
cms_occupational_mix_text_lines,7b348c6a02f783a099ca31847977d42d,82e923d1537510ccc5222e924d94d5c10960cdde6e6e32601a09eb8a098293fa,CMS_OCCMIX__20260924T173342Z__90a5f11402a3482a85334ec241dd91ef,names,cbsaoccmix_nooccmix,data,2023,,2023,final
cms_occupational_mix_text_lines,7b62a0ab56e535a1e6787301d21d1009,6e78bc362b5361aec00d7b25aad1098bc629ef4fce52b75a7734735a2170527a,CMS_OCCMIX__20260924T175902Z__465589bea72749c29f219f14a506931e,names,provcbsaahw,data,2017,,2017,proposed
cms_occupational_mix_text_lines,7c8a58e0302757ba6caae6b1ca5fb034,9fb830816a4e6a82d969ea6a9bd024e9151fbe98aa07830d3c14e95a1eda8817,CMS_OCCMIX__20260924T174656Z__7dcc1976372a45faa97babbbde118b70,names,cbsaoccmix_nooccmix_cbsa_old,data,2015,,2015,proposed
cms_occupational_mix_text_lines,7ca5183e1b8ad361b3ed05358be01547,952e1f6280d8aaa1f687f0f5605f60033f07734b813fed85ed8e2e0f779bafcb,CMS_OCCMIX__20260924T175657Z__4501b4d64b414b5c9000135f9a1111e4,names,s3_occmix_description,description,2019,,2019,correction
cms_occupational_mix_text_lines,7d9be3b8098b3d99f576ef676bed16ea,f3977c56da282d571808d0833f07d62f96660087218090ac4d6f1aed00a6de64,CMS_OCCMIX__20260924T175730Z__084be9485a1f43d7a530a2b387f6e5de,names,provoccmix,data,2019,,2019,proposed
cms_occupational_mix_text_lines,7f0821734cff6899336ec79f8afd696e,602299baaee793d917653eda14a7bd8239ab09ccd33a1adddd6566a9896e3f61,CMS_OCCMIX__20260924T175835Z__8fe7f5009a874aba9bb97b63d89d6a3a,names,s3,data,2018,,2018,correction
cms_occupational_mix_text_lines,7f744afaa739b541e5ace57d334b69a9,1e610b2f3d948adfc9675ef5e87ac992305303f71eecbea978901e2b63944ab2,CMS_OCCMIX__20260924T175037Z__4704f0057fd244cb8d6aa8f6afcc1a01,names,nprm26_occmix,data,2026,,2026,proposed
cms_occupational_mix_text_lines,832e8d5af83e7f535e50447d5727aa5a,07f9643df2e2452299ef06a7d5f001f08d968c73a908a49bb2322aa136aa8ec8,CMS_OCCMIX__20260924T175533Z__c19dfcd9308c49e595bb53311330eff9,names,provoccmix,data,2020,,2020,proposed
cms_occupational_mix_text_lines,8334dc88b95b94e8934cf7fbdce8f8ef,8076f902cf90ec01dd9c7e8d1552eeb2181dfae86a1b85eda2e7b910d407485b,CMS_OCCMIX__20260924T173913Z__21e5e7fb44ba4954b1896a60857d0a21,names,ahw_provider_area_listing_pre,data,2020,,2020,final
cms_occupational_mix_text_lines,840f72631d391dd9f577a15aa90f4b6b,22df36766c603418627c7cc1fbb745ea91ca538fe707928ace88414217fa5827,CMS_OCCMIX__20260924T175730Z__084be9485a1f43d7a530a2b387f6e5de,names,cbsaoccmix_nooccmix,data,2019,,2019,proposed
cms_occupational_mix_text_lines,84155bd0a307901e241cbbc940f80a15,b118ac8cfcf1c523cf5bf342407a53d275320e151b70203ac9478cfb12fe6229,CMS_OCCMIX__20260924T175902Z__465589bea72749c29f219f14a506931e,names,ahw_provider_area_listing,data,2017,,2017,proposed
cms_occupational_mix_text_lines,85bb2e910712a0f6873f83d470fe0186,6c9777cdf11ba22646b59f9bede4e6ab57803795a7f7b973abcf0d312e533709,CMS_OCCMIX__20260924T175902Z__465589bea72749c29f219f14a506931e,names,description_s3_occ_mix,description,2017,,2017,proposed
cms_occupational_mix_text_lines,8605e40ede1bc05352e414076aaab5b8,d3c514f99721f5f3d655b794403126ff1b21004a485d998499d553cfe08c8aa3,CMS_OCCMIX__20260924T175835Z__8fe7f5009a874aba9bb97b63d89d6a3a,names,reclass_provcbsa,data,2018,,2018,final
cms_occupational_mix_text_lines,86eb1ba1bac89c85dfefec62856dd0c3,d33d808c676b511072a6efb6fec835345dcf218334622a719b726d516ceedee5,CMS_OCCMIX__20260924T171030Z__3f6386bc25934b988ab52e59b87dfeba,names,s3_deleted,data,2022,,2022,final
cms_occupational_mix_text_lines,8a61d837d1b499d86c1390193b86b989,f9cee489b85853708debf7d68706f35888b7c8a5f47ffea6ac78c49d4249e9e0,CMS_OCCMIX__20260924T173225Z__bce6a323579549b9b6e371e3cbbfc8de,names,ahw_provider_area_listing_prov,data,2025,,2025,proposed
cms_occupational_mix_text_lines,8b2f938489e82f006ee50448291b2b22,bf7da789710783246920e16893b343a624f20a44f831eb68d1ba14efc60733cd,CMS_OCCMIX__20260924T175937Z__c676a40964ce48d880862390e3dcc187,names,s3_occmix_description,description,2017,,2017,final
cms_occupational_mix_text_lines,8ce418ab346419bd4c45bb1230293d96,51f30cc38d7501ab488d05624c3077a7c520963c384bdc5862d1145863cc371b,CMS_OCCMIX__20260924T175657Z__4501b4d64b414b5c9000135f9a1111e4,names,s3,data,2019,,2019,final
cms_occupational_mix_text_lines,8d1669684f2472bd2408043d7d516b84,abbaedffb6f06ca21ae8b5d9ba08bc9708639c916ce1a5a7fe4944a179115bb1,CMS_OCCMIX__20260924T173913Z__21e5e7fb44ba4954b1896a60857d0a21,names,ahw_provider_area_listing_reclass,data,2020,,2020,final
cms_occupational_mix_text_lines,8d5a0c544885572ddb7fc1a93b2ea39f,efb49c97952d35668735b69acce658ee8e7a9abfce51aa15ea88dca013a44573,CMS_OCCMIX__20260924T173244Z__49e30e16b68d401385b2bea88276bf0b,names,cbsaoccmix_nooccmix,data,2024,,2024,correction+final
cms_occupational_mix_text_lines,90cfbf3bc8bcd70d30f802307d35dd30,e2183a83e2da0fabc28e0d83a117c2ebf85dbf95a01e9d6b207c5046add09cc5,CMS_OCCMIX__20260924T173244Z__49e30e16b68d401385b2bea88276bf0b,names,s,data,2024,,2024,final
cms_occupational_mix_text_lines,9106c64e0b1b92159dd014a77498419b,f6f52d7dbebf03648b600e80a74f6ffec509da325d936af566dca967da451ec6,CMS_OCCMIX__20260924T175835Z__8fe7f5009a874aba9bb97b63d89d6a3a,names,provider_cbsa_ahw,data,2018,,2018,correction
cms_occupational_mix_text_lines,91516b38054dc21d6a465aadc75bc75d,8f8afb3bb0de6ae87c5fceb48ef6f6a799242f8b180c97eb68b7ba75cb777f5b,CMS_OCCMIX__20260924T175657Z__4501b4d64b414b5c9000135f9a1111e4,names,cbsaoccmix_nooccmix,data,2019,,2019,final
cms_occupational_mix_text_lines,91cf6591dbfc75e3c763a58d33f7a987,b55ca7fd6d4eb147c9c444cbd0e51d611142ae364e5847b5c83a7db1bf7ed718,CMS_OCCMIX__20260924T175949Z__3c8423bedd6e455ab4ba118fa10fd8a5,names,provoccmix,data,2016,,2016,proposed
cms_occupational_mix_text_lines,924952e1a5cb89c3c5ce7db0d671ce95,c3024d2ebd188c645230db20f7c2c0a9a3d8f0bd03fc61e0c92c23c9c0d795ca,CMS_OCCMIX__20260924T174656Z__7dcc1976372a45faa97babbbde118b70,names,s3,data,2015,,2015,proposed
cms_occupational_mix_text_lines,92b443854d3a02ccf348c933b03786b5,04c3d19ab30e9fc42e147b5efc71314f093f020d10ffd1f911dbb3ed80888303,CMS_OCCMIX__20260924T175533Z__c19dfcd9308c49e595bb53311330eff9,names,s3,data,2020,,2020,proposed
cms_occupational_mix_text_lines,92f413b3093265f327b7f1e10fbb6325,0479e8a31b474cac1219a8fe365d928ea035a50a032eeccbe10d6949986da9b3,CMS_OCCMIX__20260924T173342Z__90a5f11402a3482a85334ec241dd91ef,names,ahw_provider_area_listing_reclass,data,2023,,2023,final
cms_occupational_mix_text_lines,9331de13e2e2a9277484c14d5f82e225,843c46e71e42cfb721886cd6a0a4ff9e65cbb116d09abcd0ef4bace93e6b76ef,CMS_OCCMIX__20260924T175657Z__4501b4d64b414b5c9000135f9a1111e4,names,provcbsaahw,data,2019,,2019,correction
cms_occupational_mix_text_lines,9410c32e461bdb453cc53642669b7036,2e5382fe7c3e23fb63c83e61ad240bcc6ba530a279b0c567948bd00b360fd345,CMS_OCCMIX__20260924T173244Z__49e30e16b68d401385b2bea88276bf0b,names,provoccmix,data,2024,,2024,final
cms_occupational_mix_text_lines,945417aa5b016fa08165210b4cf6387a,6522e0f15c0f9614908471ba15603c89907e9d80a3cb8a124372d84a97ff8356,CMS_OCCMIX__20260924T171118Z__ade28fc1c8e949a28bed6864e7d9a484,names,ahw_provider_area_listing_prov,data,2026,,2026,final
cms_occupational_mix_text_lines,9826ef54169a480d83108537ae46a324,b964cd220ba8640e0c5434f5983ae3fce90387f59ba0e65516f0297943f38a68,CMS_OCCMIX__20260924T173441Z__bcbb293426c94d0ea2148def3e5f7e18,names,description,description,2023,,2023,proposed
cms_occupational_mix_text_lines,9c06d3a96f9bb5dd92782fa985556fc5,6e78bc362b5361aec00d7b25aad1098bc629ef4fce52b75a7734735a2170527a,CMS_OCCMIX__20260924T175902Z__465589bea72749c29f219f14a506931e,names,provcbsaahw,data,2017,,2017,proposed
cms_occupational_mix_text_lines,9c0cae21e606b12bd0eb92917f7a4a79,cc04444cabfbbbc8d336ee7fb36b22bd5a57005c1488612061c086467820d682,CMS_OCCMIX__20260924T175657Z__4501b4d64b414b5c9000135f9a1111e4,names,s3,data,2019,,2019,correction
cms_occupational_mix_text_lines,9c36b255d6579b5b676ed9e2cc46fe37,08281fb314b834a0005f8c656f35e9ad2d90d989074a2fac2236823a390df596,CMS_OCCMIX__20260924T173441Z__bcbb293426c94d0ea2148def3e5f7e18,names,deleted_om,data,2023,,2023,proposed
cms_occupational_mix_text_lines,9d832ffe66d4c92629fa2b4abdccf6b6,38da6baf70437d5463d47ff3d4b8e141ba357002198140e63f01c32f24ca9192,CMS_OCCMIX__20260924T171030Z__3f6386bc25934b988ab52e59b87dfeba,names,provoccmix,data,2022,,2022,final
cms_occupational_mix_text_lines,9ddde1f1c2ff1d1c8f201f4a79a0f12f,01825a961553b7dde0d7af42b14a52770beafc7e051200ed3e5e5be80b6841b9,CMS_OCCMIX__20260924T171030Z__3f6386bc25934b988ab52e59b87dfeba,names,occmix,data,2022,,2022,correction
cms_occupational_mix_text_lines,9fe95806136c57ca75558c5157b2ee64,f81835d96649ad5a6978f94e147a7a0d381e3b61d39eb2616f05d0ad127fd488,CMS_OCCMIX__20260924T175949Z__3c8423bedd6e455ab4ba118fa10fd8a5,names,s3_occmix_description,description,2016,,2016,proposed
cms_occupational_mix_text_lines,a019f8183fde00c95cff226e3f4cd894,0dab80aadd180f26d2a9e0613cc5a52dfb7971f0ede0bd4bbdd98136a98b7d9f,CMS_OCCMIX__20260924T173244Z__49e30e16b68d401385b2bea88276bf0b,names,deleted_om,data,2024,,2024,correction+final
cms_occupational_mix_text_lines,a20ba9e5d1d43c61fa8a0cfbae563f2e,1fa3bd544f021420ea8598cc59486d28c4a0b266fcf7531daa5d3e13ddf4ce0e,CMS_OCCMIX__20260924T175949Z__3c8423bedd6e455ab4ba118fa10fd8a5,names,s3_occ_mix,data,2016,,2016,proposed
cms_occupational_mix_text_lines,a3393891f401858842317fd9295d31a8,8b9c6e44970b9cd2abe1ae7a2a586d02c8bd35766bc4741fb48ebe5606835b50,CMS_OCCMIX__20260924T174656Z__7dcc1976372a45faa97babbbde118b70,names,provcbsaahw,data,2015,,2015,proposed
cms_occupational_mix_text_lines,a400dfd68a9d9f64bbae1d6ba1755c98,8200d7b53d9b711b96d4ab8fbded155aa84eac240f3c0167158ae6a7819e0352,CMS_OCCMIX__20260924T173342Z__90a5f11402a3482a85334ec241dd91ef,names,provcbsaahw,data,2023,,2023,final
cms_occupational_mix_text_lines,a58b89e59462d75e61eae277c5cf523b,79c72d3c8ef1a98f606d845404aab27dca6ef922485944d49c8d50d4c58726f2,CMS_OCCMIX__20260924T173813Z__61da41b60317421e8c5c047ecf820ede,names,ahw_provider_area_listing_prov,data,2021,,2021,correction
cms_occupational_mix_text_lines,a676e25eb3b674c9dd6163d2cbf2e5ef,b0ef78de79ff824acd8f878f93fc39e779f3b89524b566596dffba6f8ca1cca4,CMS_OCCMIX__20260924T173813Z__61da41b60317421e8c5c047ecf820ede,names,provcbsaahw,data,2021,,2021,final
cms_occupational_mix_text_lines,a750e941fb9b99a3dc24c310806d10a2,1c8c0fe591079d069e7057e81bf459516a32a6bdb4587c80eed4a0847a7250ef,CMS_OCCMIX__20260924T173441Z__bcbb293426c94d0ea2148def3e5f7e18,names,cbsaoccmix_nooccmix,data,2023,,2023,proposed
cms_occupational_mix_text_lines,a8611d7fe33c6f0695443e0c82484cb6,e659643f5578cd936d8f7a58628399ca8145ff2bf1d0188494a276e2b59ae59e,CMS_OCCMIX__20260924T171118Z__ade28fc1c8e949a28bed6864e7d9a484,names,deleted_s,data,2026,,2026,final
cms_occupational_mix_text_lines,a9155be02ba8b765cb4921b9eee43011,7e3608ce1e194f049f6260fd0bf25f0114d8e9907b32bf42541e2332ce0ea604,CMS_OCCMIX__20260924T175533Z__c19dfcd9308c49e595bb53311330eff9,names,provcbsaahw,data,2020,,2020,proposed
cms_occupational_mix_text_lines,aa0c2808a17c0937189cdad98ac9e077,10e9d557252dc1d5fff78b50692e7500ddb7eed84be9176fe045947ce06a27b4,CMS_OCCMIX__20260924T173342Z__90a5f11402a3482a85334ec241dd91ef,names,provoccmix,data,2023,,2023,final
cms_occupational_mix_text_lines,aa6ac6a964b2d5636c8996cdcbcd6ff7,dcaa3aafc01c314502ecf706d7f08fd86af80080901983533f68992e66feb4b6,CMS_OCCMIX__20260924T175902Z__465589bea72749c29f219f14a506931e,names,provoccmix,data,2017,,2017,proposed
cms_occupational_mix_text_lines,aa8b2801aaa06b79992f392d6934b4c9,bd15a682e7e1e08ca3f3431ae1a4379af0cb5322083f0fbde56e7e630538e368,CMS_OCCMIX__20260924T173441Z__bcbb293426c94d0ea2148def3e5f7e18,names,ahw_provider_area_listing_prov,data,2023,,2023,proposed
cms_occupational_mix_text_lines,aaa5f13b5cfb5c3992a1f8d893981acc,5a708fd5d9ec4b09d35799624d2412e2881e8f08985434a101bb8fbdbe87dcac,CMS_OCCMIX__20260924T175657Z__4501b4d64b414b5c9000135f9a1111e4,names,s3_occmix_description,description,2019,,2019,final
cms_occupational_mix_text_lines,adfd596cff4d77674cdc73dcafa3d0df,52b082c7ea02f98a5de3429e66fe0a4965b7c7d2cf6cd9edbd9a3dbaaf164106,CMS_OCCMIX__20260924T174629Z__611f93874420402bbb82d8314a647579,names,ahw_reclass_to_cbsa_old,data,2015,,2015,final
cms_occupational_mix_text_lines,ae6937567db554f964acee14397c1ebf,d73c604a67d48a31a4b6dec3957365c92cf11159b2d82e1eee237f8179052ba7,CMS_OCCMIX__20260924T175902Z__465589bea72749c29f219f14a506931e,names,cbsaoccmix_nooccmix,data,2017,,2017,proposed
cms_occupational_mix_text_lines,b03c25cc4dc439b784998d71dca15318,d97378f986130a5921242299d4ff880f2a1e2d50cfe4003a301ae4f2a2806480,CMS_OCCMIX__20260924T175657Z__4501b4d64b414b5c9000135f9a1111e4,names,occmix_deleted_from,data,2019,,2019,correction
cms_occupational_mix_text_lines,b077124c7158a0cc249e2d8719bd57dd,905310b554225f0f12a7594edeb83b02331a1b2d1ae96039081469c117ec3c5e,CMS_OCCMIX__20260924T174727Z__bee8822977ab4349a25c227236d84f59,names,s3_wage,data,2014,,2014,proposed
cms_occupational_mix_text_lines,b0910cd9875348522d5a2c2006f68eab,8200d7b53d9b711b96d4ab8fbded155aa84eac240f3c0167158ae6a7819e0352,CMS_OCCMIX__20260924T173342Z__90a5f11402a3482a85334ec241dd91ef,names,ahw_provider_area_listing_prov,data,2023,,2023,final
cms_occupational_mix_text_lines,b11d7f0b54b42c3636e72eb86663fea2,5d469cebe8ce51fee35b083b3519ad181d4e0c59dd1328de15a7dc529809104c,CMS_OCCMIX__20260924T175730Z__084be9485a1f43d7a530a2b387f6e5de,names,s3_occmix_occ_mix,data,2019,,2019,proposed
cms_occupational_mix_text_lines,b1f383eabe16416dbc64d0075ad1b2f4,e9a0e30f1566e2cf3a2490294d050f7da1a754832cc1e38f5377a75845495355,CMS_OCCMIX__20260924T173244Z__49e30e16b68d401385b2bea88276bf0b,names,deleted_s,data,2024,,2024,correction+final
cms_occupational_mix_text_lines,b2ecf44947fcc379afc7a75e27b9ef74,198816c2af2b3c27176d0374eb75d668028fc5e4af3e9f5dadcc7230a9431630,CMS_OCCMIX__20260924T175835Z__8fe7f5009a874aba9bb97b63d89d6a3a,names,cbsaoccmix_nooccmix,data,2018,,2018,final
cms_occupational_mix_text_lines,b4886fea1dc5462dbd89413e772cd71b,c2e737aa690e064249799d8274234a902c3cdeb4b98533a5573a8fb2f828e2af,CMS_OCCMIX__20260924T175835Z__8fe7f5009a874aba9bb97b63d89d6a3a,names,s3_deleted,data,2018,,2018,correction
cms_occupational_mix_text_lines,b4c831d36ab77df61fc846a99e179ec0,0a436cd5dc5fa2b75dc601fea941c7e968531b9aad16ad4057b8f51f196829fb,CMS_OCCMIX__20260924T174656Z__7dcc1976372a45faa97babbbde118b70,names,reclass_to_cbsa_new,data,2015,,2015,proposed
cms_occupational_mix_text_lines,b4e66f466f91c6d7b66f59d309ca474d,5be28efdf9ee0416221273badf2709b6c3560c5a7ad07c463d8ef01a929ca701,CMS_OCCMIX__20260924T175809Z__7571eee06f0b4f2b91c34c47dc081cfb,names,provoccmix,data,2018,,2018,proposed
cms_occupational_mix_text_lines,b569c5b3218b3af9c3fbba2f0a93a3f1,606a14e28726ab71ad67c0b6ad343a33730eaf9c46b9e1ffcc313f6270cff39e,CMS_OCCMIX__20260924T175037Z__4704f0057fd244cb8d6aa8f6afcc1a01,names,nprm26_description,description,2026,,2026,proposed
cms_occupational_mix_text_lines,b6298e59c077d3de830e22c4e1b1d613,cd724a2be742ee2d304e24c5930f28363fd2e48c0bb5d23adad71774a06e72a1,CMS_OCCMIX__20260924T174629Z__611f93874420402bbb82d8314a647579,names,puerto_rico_ahws_new_cbsas,data,2015,,2015,final
cms_occupational_mix_text_lines,b70d1d105ee4fa5eb60f0c143fe4d797,89020cfe88f5ddd49777daeaacccb79617a08cb5418555e0d30b4eb0c6fa4bef,CMS_OCCMIX__20260924T171030Z__3f6386bc25934b988ab52e59b87dfeba,names,ahw_provider_area_listing_prov,data,2022,,2022,correction
cms_occupational_mix_text_lines,b7785da1e9a9418ce98b063533b4c7bb,91de09139c552518f602137e64ba98294d21178307ed2cbdaabaf7e92145af54,CMS_OCCMIX__20260924T175657Z__4501b4d64b414b5c9000135f9a1111e4,names,occmix,data,2019,,2019,final
cms_occupational_mix_text_lines,b7d01b0e56894ee546b0caeaf9ee76d9,98299127015f589f47001f637fd6f7b4d3000a026c68c1d3bc58c2d0a4026cf5,CMS_OCCMIX__20260924T174727Z__bee8822977ab4349a25c227236d84f59,names,description,description,2014,,2014,proposed
cms_occupational_mix_text_lines,b8049f5ddd4d7aa2f174111341ea73a7,1b0753b57f90e9deb9787cc375a7641207dde9653966d037b96389d4d483e1fd,CMS_OCCMIX__20260924T175657Z__4501b4d64b414b5c9000135f9a1111e4,names,ahw_provider_area_listing,data,2019,,2019,final
cms_occupational_mix_text_lines,ba331b971522ce9963d3addc0c538a49,b5fa828cba47fc9215815f75c7476775dbedc368222f28aab212e8188878ba5f,CMS_OCCMIX__20260924T173913Z__21e5e7fb44ba4954b1896a60857d0a21,names,provcbsaahw,data,2020,,2020,final
cms_occupational_mix_text_lines,baf90549eb342fad5125c82505f784bf,8a23990e5c4082fbdf097ca229c86db42c0d708733fb37b59d771dd15c1dc462,CMS_OCCMIX__20260924T174629Z__611f93874420402bbb82d8314a647579,names,occ_mix,data,2015,,2015,final
cms_occupational_mix_text_lines,bb52ee4ccdb57384611addffbc4d90e9,087a030ff94fceabe3d3ddd23bb007091532e84de15cec79e55b522c7a922625,CMS_OCCMIX__20260924T173244Z__49e30e16b68d401385b2bea88276bf0b,names,provcbsaahw,data,2024,,2024,correction+final
cms_occupational_mix_text_lines,bcf774aa82d0d74e840152418c4ec777,c34f0e41acf3287437710002f7ef57573fac70d22cffb31b453ea4d938d301ca,CMS_OCCMIX__20260924T175533Z__c19dfcd9308c49e595bb53311330eff9,names,s3_occmix_description,description,2020,,2020,proposed
cms_occupational_mix_text_lines,bcfacc1d555fa77e20edb13311dc53ad,2de7492b63f0aba071880e5d562009996289de4f57280685290a807916e44982,CMS_OCCMIX__20260924T175533Z__c19dfcd9308c49e595bb53311330eff9,names,occmix,data,2020,,2020,proposed
cms_occupational_mix_text_lines,be5c643685144039b32845f3b60caccf,0702689b60071ac824631168129f10219cf6bf16d71191d2639412d90c997a64,CMS_OCCMIX__20260924T175809Z__7571eee06f0b4f2b91c34c47dc081cfb,names,s3_occmix_description,description,2018,,2018,proposed
cms_occupational_mix_text_lines,bf5884125b812b0d4669cfa0673c3b8b,a230ca67dc444af79e2264309a06a654ed6b8fd4b168b1b7f4268e08f12d440d,CMS_OCCMIX__20260924T174727Z__bee8822977ab4349a25c227236d84f59,names,cbsa_om_noom040513,data,2014,,2014,proposed
cms_occupational_mix_text_lines,bf9f46b6cb41f96ed4e89a4deae7b25f,518f57bab792d7013d8c388f90f3e7386850605d45626c1279063369508cad26,CMS_OCCMIX__20260924T171030Z__3f6386bc25934b988ab52e59b87dfeba,names,ahw_provider_area_listing_prov,data,2022,,2022,final
cms_occupational_mix_text_lines,c27dbd92f39ab5f538e99506f8747f50,689e9268468c44164a9b6c754dbe4ab588063ac45cee634863ff61ff28f126ab,CMS_OCCMIX__20260924T175730Z__084be9485a1f43d7a530a2b387f6e5de,names,s3_occmix_occmix_deleted,data,2019,,2019,proposed
cms_occupational_mix_text_lines,c443e47100e8fadd3d8a5c5cabf2ce9f,410a25060b13733d7673963bc8222c4ddbd05449c5622a896af1b3c8e2f31699,CMS_OCCMIX__20260924T173225Z__bce6a323579549b9b6e371e3cbbfc8de,names,deleted_om,data,2025,,2025,proposed
cms_occupational_mix_text_lines,c7e46c1dcbc3af46a773d2f5c9b38e2b,91bd98dc677bd8efa279f26f031c437b56a34029dd0a76d175fa7d961622dd5f,CMS_OCCMIX__20260924T174656Z__7dcc1976372a45faa97babbbde118b70,names,provoccmix,data,2015,,2015,proposed
cms_occupational_mix_text_lines,c990dc6d37753859c9fa2a2734fa943e,49113fa7686d28d87f2b23633b2df0852568bf022deb98139312bd658bfe4c04,CMS_OCCMIX__20260924T171030Z__3f6386bc25934b988ab52e59b87dfeba,names,deleted_s3,data,2022,,2022,correction
cms_occupational_mix_text_lines,c99ebd1d4a9b26cf179db1ed1c2a8b0c,0ccfb728e824551565c3b4cf0cd964b6cc9ea5d8c6437c889c34a7abf2947749,CMS_OCCMIX__20260924T174629Z__611f93874420402bbb82d8314a647579,names,provcbsaahw,data,2015,,2015,final
cms_occupational_mix_text_lines,c9ddd4246ed35f0402d0245990b411c9,c927a40fadb5eeddab3a45c3719ac18a885b154a48be085c402e637d59b45dfe,CMS_OCCMIX__20260924T175809Z__7571eee06f0b4f2b91c34c47dc081cfb,names,s3_occmix_occ_mix_deleted,data,2018,,2018,proposed
cms_occupational_mix_text_lines,ca7f0eb3ab4f16c024be0baacf4d378b,c7eb236a86fc7bd6825a503a190d1588cb2549b7615014952cfbc1ba49ba5a87,CMS_OCCMIX__20260924T173913Z__21e5e7fb44ba4954b1896a60857d0a21,names,occmix_deleted,data,2020,,2020,final
cms_occupational_mix_text_lines,cdf9d4f077b6b961ca8d3ed64c61dc27,660262a8714e18a3c9e41438a2a4bd3aaa7d7104391eea8bb84f96f8d024b778,CMS_OCCMIX__20260924T173813Z__61da41b60317421e8c5c047ecf820ede,names,provoccmix,data,2021,,2021,final
cms_occupational_mix_text_lines,d00bf75acdb1e93d904c4396e5b18c67,69dc2f1b1bbf0047fdf8ef025f6bdca6cdc3323eb848f4ba8ea3c0539bad6233,CMS_OCCMIX__20260924T175949Z__3c8423bedd6e455ab4ba118fa10fd8a5,names,s3_s3,data,2016,,2016,proposed
cms_occupational_mix_text_lines,d103f3498570fece67d1ade2a4184217,15b66c675d0ceb91f1d22295ee2b69180977987a9af3774d3030d1a5082a73ff,CMS_OCCMIX__20260924T171118Z__ade28fc1c8e949a28bed6864e7d9a484,names,ahw_provider_area_listing_reclass,data,2026,,2026,final
cms_occupational_mix_text_lines,d1d0bb99543588df76c995319fff9a79,13f9b3101c1f1b7e86233fc35650bd3034f542f1ddec775d8d5747bf5788e1d3,CMS_OCCMIX__20260924T173633Z__65799ca9f6034c0ebe1b3819bfdef820,names,s3,data,2022,,2022,proposed
cms_occupational_mix_text_lines,d27715ded3b9772f654fc69e639e56c8,bb959a7935abec16a681110215ff23f09567ecad4207032b17811cd054a2a478,CMS_OCCMIX__20260924T175051Z__1ad596700d2240648aa2a56b579af0b1,names,s,data,2026,,2026,unspecified
cms_occupational_mix_text_lines,d30bb28b9cc220228f5faada08220ce1,fd176652994a27e460597e4e4cc7a97d1386afe7c0ff7324385e86ae37b8b225,CMS_OCCMIX__20260924T171118Z__ade28fc1c8e949a28bed6864e7d9a484,names,deleted_om,data,2026,,2026,final
cms_occupational_mix_text_lines,d3b71b3607b6ec32268db4cea4203b6b,463af5cc56b60c9674128660c966adbc4ef03b558a8617d2b420f8c3b4cc5e15,CMS_OCCMIX__20260924T171118Z__ade28fc1c8e949a28bed6864e7d9a484,names,s,data,2026,,2026,final
cms_occupational_mix_text_lines,d43c825f2f94b43ecebf3bfff42e67cc,8131947a425006fdc1fd3351221e2a055fd115ae9fa4cdfcee4d0856bcebbd80,CMS_OCCMIX__20260924T173225Z__bce6a323579549b9b6e371e3cbbfc8de,names,s3,data,2025,,2025,proposed
cms_occupational_mix_text_lines,d4494e57b688a6b0fe0c1611f886213b,9ec1174230966eda92c8e72bfdd5af9d9fe079db8144b181f89368d455bdd288,CMS_OCCMIX__20260924T173342Z__90a5f11402a3482a85334ec241dd91ef,names,s,data,2023,,2023,final
cms_occupational_mix_text_lines,d44e4557b9b6f8718cb68e08dfde0063,17a463c36dfd0612ed90e37c5a660af79613a96b273d066fdd604304e5e015af,CMS_OCCMIX__20260924T175657Z__4501b4d64b414b5c9000135f9a1111e4,names,provcbsaahw,data,2019,,2019,final
cms_occupational_mix_text_lines,d64f1dbb1c07e7cd0482f3e78daf7f87,a727c418a45f9a9059d4664098e3aca0e6ec2870ac2540e4dd45aac47e58cdce,CMS_OCCMIX__20260924T175835Z__8fe7f5009a874aba9bb97b63d89d6a3a,names,occmix,data,2018,,2018,final
cms_occupational_mix_text_lines,d6aa4a05c85d0a7da3193719ab2b9185,239b01674a5b927d9a53dc2ad6588adb0041d08f52fb061fc13dbe1135afe35c,CMS_OCCMIX__20260924T175835Z__8fe7f5009a874aba9bb97b63d89d6a3a,names,s3_occmix_description,description,2018,,2018,final
cms_occupational_mix_text_lines,da3acd47163305b25ac1fd82cdcf432c,acab001b48120024663622bbcb49c2fcc4d0ab8d1e5004c6d66a4c6ffe4182a6,CMS_OCCMIX__20260924T173225Z__bce6a323579549b9b6e371e3cbbfc8de,names,ahw_provider_area_listing_reclass,data,2025,,2025,proposed
cms_occupational_mix_text_lines,dca38dcdad59a013d858c5c1d20f8eb9,ef1e2cdd019ad6a0ab80b23d1161ad78a40b573316c8ff4ede3ecca30c6f40b5,CMS_OCCMIX__20260924T175835Z__8fe7f5009a874aba9bb97b63d89d6a3a,names,s3,data,2018,,2018,final
cms_occupational_mix_text_lines,dcac3c633fdb204695e2a3716c8cbf32,6a9f1ba8a95b77a03f9569987c53b632ede9be024a33e4dd5b672ac6fed88d51,CMS_OCCMIX__20260924T175533Z__c19dfcd9308c49e595bb53311330eff9,names,occmix_deleted,data,2020,,2020,proposed
cms_occupational_mix_text_lines,ddcfa1125da5b0f5750c979ae96ea177,f38a4ab12be614d527ad0db95ced9fb19a5ac5746e77cb7556540c039b2d7cf3,CMS_OCCMIX__20260924T173913Z__21e5e7fb44ba4954b1896a60857d0a21,names,provoccmix,data,2020,,2020,final
cms_occupational_mix_text_lines,ddfe6c7bc1f40e32855db9b86cf33888,157e82fa3fa466160170123e0cfbba748c3fab364ece99308ead9b33031d2ccd,CMS_OCCMIX__20260924T173342Z__90a5f11402a3482a85334ec241dd91ef,names,description,description,2023,,2023,final
cms_occupational_mix_text_lines,de504e08d975d56d5748673f6e36dabe,b07cb1a150325e1ff11073c07b7a5f7d5d96ced2edaa027db320020723717e1b,CMS_OCCMIX__20260924T175730Z__084be9485a1f43d7a530a2b387f6e5de,names,s3_occmix_s3,data,2019,,2019,proposed
cms_occupational_mix_text_lines,de50932ca2d776ffb5d6feac9bdc0f01,74051c1365c20e87ba2a5cc48d93e23214518e1ef2d0f507a10c06897240d3b7,CMS_OCCMIX__20260924T175037Z__4704f0057fd244cb8d6aa8f6afcc1a01,names,nprm26_ahw_provider_area_listing_prov,data,2026,,2026,proposed
cms_occupational_mix_text_lines,de8b415f3366d3b3aa912ae93c5486fe,4582682aa6afed6ccb43d76c578db9d58e229100463d5d462ac9c5ce5ec71af2,CMS_OCCMIX__20260924T175949Z__3c8423bedd6e455ab4ba118fa10fd8a5,names,puerto_rico_ahws,data,2016,,2016,proposed
cms_occupational_mix_text_lines,e27825fc41299fb99615731a976d00f6,cd7b91e24093b8e0a13f0b24c07ec642e1bcadb5291fb7bf65b91a3f95950f2e,CMS_OCCMIX__20260924T174629Z__611f93874420402bbb82d8314a647579,names,ahw_reclass_to_cbsa_new,data,2015,,2015,final
cms_occupational_mix_text_lines,e2a94620c84eb4652965f5f7da2fdfe8,89020cfe88f5ddd49777daeaacccb79617a08cb5418555e0d30b4eb0c6fa4bef,CMS_OCCMIX__20260924T171030Z__3f6386bc25934b988ab52e59b87dfeba,names,provcbsaahw,data,2022,,2022,correction
cms_occupational_mix_text_lines,e3f0d7d73fe84788533d89ba6cbc3d9b,87a1a137368f3aee86e25152885b770e3abb6f7a02e47c7324fa1bd7c614ac33,CMS_OCCMIX__20260924T173441Z__bcbb293426c94d0ea2148def3e5f7e18,names,s,data,2023,,2023,proposed
cms_occupational_mix_text_lines,e4ec053001d0b6d93eca8fd26648bec1,bb98956944ddd4a86343aae636f08552cf7e0c9fa082ae3c4d52092713345591,CMS_OCCMIX__20260924T173244Z__49e30e16b68d401385b2bea88276bf0b,names,description,description,2024,,2024,correction+final
cms_occupational_mix_text_lines,e772d46b22e6c8ec9b2089056f5b4785,beb5d0b758beac3c498292ca3848fe4e4a4d7d0fa5d8adb5e522f78ad7e3cd68,CMS_OCCMIX__20260924T175037Z__4704f0057fd244cb8d6aa8f6afcc1a01,names,nprm26_deleted_om,data,2026,,2026,proposed
cms_occupational_mix_text_lines,e85ad43b7e44fbf24010357c6d761836,9e69bbca4e029370daf91a66881a650e8e89d7bc3ee0162aa9132c04f6438182,CMS_OCCMIX__20260924T173342Z__90a5f11402a3482a85334ec241dd91ef,names,deleted_om,data,2023,,2023,final
cms_occupational_mix_text_lines,e87ecb33252f92bc624044dee857df0c,8b9c6e44970b9cd2abe1ae7a2a586d02c8bd35766bc4741fb48ebe5606835b50,CMS_OCCMIX__20260924T174656Z__7dcc1976372a45faa97babbbde118b70,names,provcbsaahw,data,2015,,2015,proposed
cms_occupational_mix_text_lines,e9a25bd52fbb40fff98a67c399fed464,d7732c06b44a9c8d59c660291264cf8033f134af88205b97bac9e33b5d2f2cd2,CMS_OCCMIX__20260924T171030Z__3f6386bc25934b988ab52e59b87dfeba,names,cbsaoccmix_nooccmix,data,2022,,2022,correction
cms_occupational_mix_text_lines,ea8b6a0dca330e8790246b8748464468,b6920f141086708f4bf4ed6829777daecb1b4c434f68518ca331a1eb0b82704c,CMS_OCCMIX__20260924T175533Z__c19dfcd9308c49e595bb53311330eff9,names,s3_deleted,data,2020,,2020,proposed
cms_occupational_mix_text_lines,eb02a11214fd8dbb10d214a92a9ed8f9,d101ca943719460043485bb134328a9beb70205ec507a196acf7af4c95574004,CMS_OCCMIX__20260924T173244Z__49e30e16b68d401385b2bea88276bf0b,names,s,data,2024,,2024,correction+final
cms_occupational_mix_text_lines,ee08e54ab27ff69a46fa2d40997f605d,08f7d076c24c63ae48112d88ffa848d8a10bb69492af68405bf4bd9ff518c782,CMS_OCCMIX__20260924T171030Z__3f6386bc25934b988ab52e59b87dfeba,names,ahw_provider_area_listing_rec,data,2022,,2022,final
cms_occupational_mix_text_lines,ef20d8be69e430b35059f52442828b78,b782510dcfcd5bbc6a3e6cf92dcfc9f900d81edfca633bf5a1e894bccaddcd70,CMS_OCCMIX__20260924T175037Z__4704f0057fd244cb8d6aa8f6afcc1a01,names,nprm26_s3,data,2026,,2026,proposed
cms_occupational_mix_text_lines,f053ce50c435a480b71f8de5b86ae2b7,a50d5710493000460d95c663a2202754b2936474fb11aade086b54f2786741c1,CMS_OCCMIX__20260924T171030Z__3f6386bc25934b988ab52e59b87dfeba,names,occmix,data,2022,,2022,final
cms_occupational_mix_text_lines,f0f2ba8709d5c6844a44a9b871de5549,b29825c15b768a6f0f55c4368ead87b3e78ff209d97bfd13c0b42f8e4ab2e102,CMS_OCCMIX__20260924T173633Z__65799ca9f6034c0ebe1b3819bfdef820,names,occmix_deleted,data,2022,,2022,proposed
cms_occupational_mix_text_lines,f20985f2752cd4451326078b712ee91c,16f0ed2c4b9527a4f9970e9f47b2f01f252bbe6e1f7f9f818bf0f260d39c6ff9,CMS_OCCMIX__20260924T175051Z__1ad596700d2240648aa2a56b579af0b1,names,deleted_s,data,2026,,2026,unspecified
cms_occupational_mix_text_lines,f322ddab5b54ddb65f8d2c210eec7e96,094ae49d617e751502512b9a21dd81234bfe0c37668ade108ff296668934f087,CMS_OCCMIX__20260924T173225Z__bce6a323579549b9b6e371e3cbbfc8de,names,provoccmix,data,2025,,2025,proposed
cms_occupational_mix_text_lines,f3232848540fd3500338f7c6374f0fd1,aeb982176e8a75ad142cdb3fef1ed2bd7dbb3937d28bd1cfd15a6a1756044f5e,CMS_OCCMIX__20260924T175902Z__465589bea72749c29f219f14a506931e,names,occmix,data,2017,,2017,proposed
cms_occupational_mix_text_lines,f5b2baf4c00e255e79ef51c12767bfa4,7f328feadd80a9c0a46ff076965a563ea04372abd8b83f4094df284e057d0eca,CMS_OCCMIX__20260924T173633Z__65799ca9f6034c0ebe1b3819bfdef820,names,proposedrulepuf_cbsaoccmix_nooccmix,data,2022,,2022,proposed
cms_occupational_mix_text_lines,f8d13725810bcaa83fbf88bb45aaea0a,add009a4730a6cf716624bbd872c6d4b56bc8a2bf2baf00661d87d9cf1253e4b,CMS_OCCMIX__20260924T175835Z__8fe7f5009a874aba9bb97b63d89d6a3a,names,cbsaoccmix_nooccmix,data,2018,,2018,correction
cms_occupational_mix_text_lines,f944799ddd10ea445feee76f853f3073,8f62b81b3fa0d26c8dd1fd278610908b4ea4bcce454619c5e6211d661b3317ae,CMS_OCCMIX__20260924T175533Z__c19dfcd9308c49e595bb53311330eff9,names,cbsaoccmix_nooccmix,data,2020,,2020,proposed
cms_occupational_mix_text_lines,fb0826993adc28b88444a8bfa6bbed6b,a43868c727b4dc36618be032fa52c0e11f117eb877a021c10b1e166f9e74c846,CMS_OCCMIX__20260924T175835Z__8fe7f5009a874aba9bb97b63d89d6a3a,names,provoccmix,data,2018,,2018,correction
cms_occupational_mix_text_lines,fb30f33ee9c1b2e2b7dd07d7d196836a,7f5223f3058ea5f06389a7c33176870dd6bbf4e23f44e291b01f23eb3041688a,CMS_OCCMIX__20260924T174727Z__bee8822977ab4349a25c227236d84f59,names,provcbsaahw040513,data,2014,,2014,proposed
cms_occupational_mix_text_lines,fb3bb6d09d58768d0235a2b762690d8f,ba79f0e6014351174e5507b45f4a187b81d8669d265bfc40100f6ae52c97092e,CMS_OCCMIX__20260924T174727Z__bee8822977ab4349a25c227236d84f59,names,provcbsawith_wo_om040513,data,2014,,2014,proposed
cms_occupational_mix_text_lines,fecd452c9698739e1f0dd91ab04fb90d,85718edcd7a41d5969281c7afcea225eb9140e230a0ba65c8a9aaa721b1aec5d,CMS_OCCMIX__20260924T173225Z__bce6a323579549b9b6e371e3cbbfc8de,names,occmix,data,2025,,2025,proposed
cms_occupational_mix_text_lines_utf16,0e87a01bb2aaaa81d59f9f2989dfd4f3,ede9d3331395bf7b7a7f04df68cab98c7d91b76decfa826d62e6d77d6cc2c3e9,CMS_OCCMIX__20260924T175937Z__c676a40964ce48d880862390e3dcc187,names,ahw_provider_area_listing_072616ml,data,2017,,2017,final
cms_occupational_mix_text_lines_utf16,4288840a802f5ddcdd6edbf097ab4a56,31960be32e4c955da700ac2d261266466a1fe7e601f90d50125141664c54a0ff,CMS_OCCMIX__20260924T175937Z__c676a40964ce48d880862390e3dcc187,names,cbsaoccmix_nooccmix,data,2017,,2017,final
cms_occupational_mix_text_lines_utf16,4e8b5d3751f19a6cad93bc048dd9551c,b44d3c5c0bd5d6a4367d0270db187f312a5750417909925055abded84b473494,CMS_OCCMIX__20260924T175937Z__c676a40964ce48d880862390e3dcc187,names,provcbsaahw,data,2017,,2017,final
cms_occupational_mix_text_lines_utf16,902a400fc6b356fe5d0ce83964f76a73,2540be0ab1923bbc9d3a98d58c831eb310695a195061c0101cfc02181eedcb5b,CMS_OCCMIX__20260924T175937Z__c676a40964ce48d880862390e3dcc187,names,s3,data,2017,,2017,final
cms_occupational_mix_text_lines_utf16,9573b56daa53c0dea67aaf5d6251253c,b44d3c5c0bd5d6a4367d0270db187f312a5750417909925055abded84b473494,CMS_OCCMIX__20260924T175937Z__c676a40964ce48d880862390e3dcc187,names,provcbsaahw,data,2017,,2017,final
cms_occupational_mix_text_lines_utf16,966358b7aeb06499568ac50481349ad2,adb190b27baab8c900d0e716c72b7e39684bdb51cbb128f47fafadf7042b0483,CMS_OCCMIX__20260924T175937Z__c676a40964ce48d880862390e3dcc187,names,occmix,data,2017,,2017,final
cms_occupational_mix_text_lines_utf16,e99fdd9c8b5562d0ce754dbff25865bc,f63209f6566691ebd97a522843c12c523885387e663378ffeb935f4def0c3a7d,CMS_OCCMIX__20260924T175937Z__c676a40964ce48d880862390e3dcc187,names,provoccmix,data,2017,,2017,final
cms_occupational_mix_text_lines_utf16,fd29fb1c75ee7af1ac8fcee8575534d5,1f084517980f0913e474aa86b88694b5d4da87bc954f22f8a71bc931d32336c9,CMS_OCCMIX__20260924T175937Z__c676a40964ce48d880862390e3dcc187,names,deleted_s3,data,2017,,2017,final
